Student_ID,Attendance,Study_Hours,Assignment_Completion,Previous_Grade,Class_Participation,Family_Support,Parental_Education,Internet_Access,Extra_Activities,Performance_Category
S-0001,68.7,9.7,97.4,73.8,95.9,Low,Master,Yes,Yes,Average
S-0002,97.5,16.2,78.6,51.1,87.4,Low,High School,No,Yes,Average
S-0003,86.6,6.0,77.8,68.5,83.4,Medium,High School,Yes,Yes,Average
S-0004,32.8,13.1,60.6,72.5,56.4,Low,Bachelor,Yes,No,At-Risk
S-0005,57.8,12.3,69.9,64.7,90.8,Medium,High School,Yes,No,Average
S-0006,57.8,12.7,94.7,86.7,65.7,Low,Master,No,Yes,Average
S-0007,52.9,11.4,66.6,87.2,56.3,High,Associate,Yes,No,Average
S-0008,93.3,5.4,76.6,67.4,20.0,Low,High School,Yes,No,Average
S-0009,80.1,13.5,60.6,66.1,13.0,Low,High School,Yes,No,At-Risk
S-0010,85.4,13.7,79.1,70.4,48.9,Medium,High School,Yes,No,Average
S-0011,51.0,11.0,60.8,69.6,67.4,High,Bachelor,No,Yes,Average
S-0012,98.5,9.5,92.8,64.9,69.5,High,High School,Yes,Yes,High
S-0013,52.7,18.7,93.0,30.0,42.2,High,Associate,Yes,No,Average
S-0014,60.6,18.6,91.5,93.1,51.7,Low,Associate,No,Yes,Average
S-0015,50.3,7.7,36.2,72.0,89.6,High,High School,Yes,No,At-Risk
S-0016,59.2,11.8,93.5,69.9,89.8,Low,High School,Yes,Yes,Average
S-0017,65.2,6.3,81.7,75.9,57.5,Medium,Associate,No,No,Average
S-0018,30.3,7.4,75.0,71.0,36.2,High,Bachelor,Yes,Yes,At-Risk
S-0019,71.6,10.0,50.6,66.8,86.3,Medium,Master,Yes,No,Average
S-0020,64.6,8.2,60.5,59.9,65.1,High,High School,Yes,Yes,Average
S-0021,80.6,5.6,65.7,49.9,84.9,Low,High School,Yes,No,At-Risk
S-0022,57.0,5.8,89.7,55.7,97.7,High,High School,No,Yes,Average
S-0023,64.6,5.8,45.5,58.6,13.8,High,Associate,Yes,No,At-Risk
S-0024,68.3,5.4,83.9,79.8,54.3,Medium,Bachelor,Yes,No,Average
S-0025,51.1,3.2,75.4,80.7,96.5,Low,Master,Yes,No,Average
S-0026,89.3,10.1,94.2,61.4,76.2,Medium,Bachelor,Yes,Yes,Average
S-0027,60.0,8.6,98.1,40.0,46.3,High,High School,Yes,No,Average
S-0028,75.7,3.2,95.3,72.1,74.4,Medium,Associate,Yes,Yes,Average
S-0029,79.6,13.1,70.8,66.9,70.0,High,Master,No,Yes,Average
S-0030,52.3,8.7,67.8,66.6,91.3,High,Associate,Yes,No,Average
S-0031,80.4,8.3,79.0,83.5,32.6,Medium,Associate,Yes,No,Average
S-0032,58.5,15.3,60.3,73.7,55.3,Medium,PhD,Yes,No,Average
S-0033,53.3,7.8,60.0,60.3,80.5,High,Bachelor,Yes,No,Average
S-0034,38.3,11.2,82.1,57.5,72.6,Low,Bachelor,Yes,Yes,At-Risk
S-0035,98.3,9.3,80.8,68.8,54.0,Low,High School,Yes,No,Average
S-0036,90.4,7.1,99.8,61.1,74.4,Medium,Associate,Yes,Yes,Average
S-0037,65.2,5.4,68.1,71.1,89.3,Medium,High School,Yes,No,Average
S-0038,54.9,6.2,70.3,84.3,42.1,High,Bachelor,Yes,No,Average
S-0039,84.2,8.6,64.5,55.4,46.3,Low,High School,No,No,At-Risk
S-0040,72.0,14.4,96.7,73.1,61.0,High,Master,Yes,Yes,High
S-0041,43.3,2.5,91.1,83.0,31.1,Low,Master,Yes,No,Average
S-0042,74.8,4.7,92.9,71.0,63.6,High,Associate,Yes,Yes,Average
S-0043,51.7,11.9,96.1,80.7,60.5,Medium,High School,Yes,Yes,Average
S-0044,95.5,11.2,81.0,68.6,89.9,Low,High School,Yes,Yes,Average
S-0045,49.3,6.0,78.0,74.0,56.5,Low,Bachelor,Yes,No,At-Risk
S-0046,83.1,8.8,73.2,77.3,84.0,High,Bachelor,Yes,Yes,Average
S-0047,65.6,15.1,83.6,65.1,45.6,High,Bachelor,Yes,Yes,Average
S-0048,56.9,8.1,78.2,95.9,97.1,Medium,Associate,Yes,Yes,Average
S-0049,77.3,10.3,78.1,78.9,77.3,Medium,Associate,Yes,Yes,Average
S-0050,59.2,9.3,97.5,87.6,25.3,Medium,Bachelor,Yes,No,Average
S-0051,98.5,17.2,99.4,84.9,57.9,Low,Associate,Yes,No,Average
S-0052,88.8,18.0,91.9,75.9,64.7,High,Bachelor,Yes,Yes,High
S-0053,97.0,10.6,90.3,88.6,53.4,High,Bachelor,Yes,No,High
S-0054,94.7,11.0,25.6,74.3,96.0,Medium,High School,Yes,No,Average
S-0055,79.9,6.2,66.6,63.2,69.3,High,High School,Yes,No,Average
S-0056,56.3,9.7,62.4,72.2,77.8,Low,Associate,Yes,No,Average
S-0057,59.3,12.4,87.6,59.9,84.1,High,High School,Yes,Yes,Average
S-0058,59.8,6.0,89.2,46.8,62.3,Medium,Bachelor,Yes,No,At-Risk
S-0059,52.3,9.8,61.9,61.8,31.2,Medium,Bachelor,No,Yes,At-Risk
S-0060,66.3,15.9,97.1,72.9,80.6,Medium,Master,Yes,Yes,High
S-0061,69.4,7.5,63.6,84.7,82.3,Medium,Bachelor,Yes,No,Average
S-0062,63.6,6.2,71.4,61.7,69.4,High,High School,Yes,No,Average
S-0063,91.4,8.5,86.9,84.1,63.0,High,High School,Yes,Yes,Average
S-0064,67.8,16.0,66.8,57.5,53.3,Medium,Master,Yes,No,Average
S-0065,64.0,6.6,62.2,61.0,89.5,High,High School,Yes,No,Average
S-0066,77.1,5.2,73.2,89.4,76.5,Medium,Bachelor,Yes,No,Average
S-0067,57.0,11.8,90.6,72.6,66.7,High,Bachelor,Yes,No,Average
S-0068,90.1,21.1,76.5,69.9,96.6,Low,Associate,Yes,No,High
S-0069,53.7,3.4,86.1,74.8,42.9,Low,Associate,Yes,No,At-Risk
S-0070,99.3,13.2,83.2,57.5,91.0,Medium,Bachelor,Yes,Yes,Average
S-0071,88.6,8.2,60.9,68.0,99.9,Medium,Master,Yes,Yes,Average
S-0072,59.9,7.6,99.5,72.0,93.2,High,High School,Yes,Yes,Average
S-0073,50.3,9.7,61.7,86.8,88.6,Medium,Master,Yes,No,Average
S-0074,90.8,7.2,98.7,52.0,62.5,Low,Bachelor,Yes,No,Average
S-0075,85.3,14.0,82.0,93.2,53.9,Medium,PhD,Yes,No,High
S-0076,86.5,6.1,98.5,70.5,23.9,High,High School,Yes,No,Average
S-0077,88.6,15.2,64.6,58.7,58.3,High,High School,Yes,Yes,Average
S-0078,53.7,11.0,79.6,56.5,50.6,Low,Master,Yes,Yes,At-Risk
S-0079,67.9,6.9,66.8,75.3,87.2,Low,Master,No,Yes,Average
S-0080,59.5,11.1,42.5,55.8,58.8,High,Associate,Yes,No,At-Risk
S-0081,58.8,6.4,46.5,65.3,94.9,Low,Bachelor,Yes,No,At-Risk
S-0082,81.2,7.3,68.3,69.0,41.4,Low,Master,Yes,No,Average
S-0083,39.3,12.0,83.5,85.7,90.9,Low,High School,Yes,No,Average
S-0084,53.2,4.9,64.5,84.2,86.3,Medium,Bachelor,Yes,No,At-Risk
S-0085,65.5,5.6,73.3,64.3,32.4,Medium,Master,No,No,At-Risk
S-0086,66.3,10.6,25.0,69.4,88.3,High,Associate,Yes,No,Average
S-0087,86.5,12.9,77.5,52.9,76.2,Medium,Associate,No,No,Average
S-0088,81.9,9.9,85.1,47.5,57.7,High,Bachelor,Yes,No,Average
S-0089,94.4,9.8,85.9,57.3,93.3,Low,Associate,Yes,No,Average
S-0090,73.6,7.0,93.8,85.5,90.4,High,High School,Yes,No,Average
S-0091,48.1,18.4,73.0,81.4,25.8,Medium,PhD,Yes,Yes,Average
S-0092,85.7,11.4,87.5,76.6,26.3,Medium,Bachelor,Yes,Yes,Average
S-0093,88.0,5.0,98.5,54.5,78.3,Medium,Master,Yes,Yes,Average
S-0094,44.2,13.2,89.2,63.5,12.3,Low,Master,Yes,No,Average
S-0095,45.3,12.3,79.6,61.7,95.6,Medium,High School,Yes,No,At-Risk
S-0096,44.1,8.0,61.4,70.0,97.7,High,High School,Yes,Yes,At-Risk
S-0097,31.6,6.7,89.6,69.3,51.4,Low,Associate,Yes,Yes,At-Risk
S-0098,71.4,11.5,84.5,60.0,80.6,High,Associate,No,Yes,Average
S-0099,51.3,5.6,60.7,76.2,45.5,High,Bachelor,Yes,No,At-Risk
S-0100,55.4,8.4,67.8,74.7,83.8,Medium,Bachelor,Yes,Yes,Average
S-0101,51.6,7.0,92.4,63.3,60.8,High,Associate,No,Yes,At-Risk
S-0102,81.8,7.0,70.9,75.7,80.9,Low,High School,Yes,Yes,Average
S-0103,65.7,8.5,89.3,85.5,62.4,Low,Associate,Yes,Yes,Average
S-0104,75.4,10.9,74.9,89.1,48.7,Low,Associate,Yes,No,Average
S-0105,95.4,10.3,80.9,77.9,64.4,Medium,Associate,Yes,Yes,Average
S-0106,62.5,13.6,62.7,77.5,46.8,Low,High School,Yes,No,At-Risk
S-0107,70.5,10.9,67.2,69.1,74.6,High,Bachelor,Yes,No,Average
S-0108,87.8,4.1,98.3,84.4,42.5,Low,High School,Yes,No,Average
S-0109,61.4,4.4,95.6,59.2,71.6,Medium,Associate,Yes,Yes,Average
S-0110,53.8,8.3,86.1,83.0,93.2,High,Bachelor,No,Yes,Average
S-0111,64.5,5.6,78.4,68.5,90.3,Medium,High School,Yes,Yes,Average
S-0112,44.6,9.1,87.0,89.9,93.0,Medium,Bachelor,Yes,Yes,Average
S-0113,96.5,8.1,24.2,79.1,95.3,High,Associate,Yes,No,Average
S-0114,90.4,11.1,82.7,71.2,46.3,Medium,High School,Yes,Yes,Average
S-0115,81.7,6.6,62.4,69.2,47.7,Medium,High School,No,Yes,At-Risk
S-0116,93.6,13.5,85.3,78.3,73.4,Medium,Master,Yes,No,High
S-0117,90.2,11.6,90.8,77.7,93.6,Medium,Associate,No,No,Average
S-0118,59.3,21.2,51.2,67.2,98.5,High,PhD,Yes,Yes,Average
S-0119,94.6,14.0,60.4,73.1,42.8,High,Associate,Yes,Yes,Average
S-0120,77.0,4.3,89.2,82.8,61.3,Medium,Associate,Yes,Yes,Average
S-0121,90.4,8.2,82.9,55.6,52.8,Medium,Associate,No,No,Average
S-0122,94.8,3.7,77.4,80.7,17.1,Medium,Associate,Yes,No,Average
S-0123,53.5,11.8,65.1,78.3,78.4,High,High School,Yes,No,Average
S-0124,55.5,12.9,76.4,86.2,47.2,Low,Associate,Yes,No,Average
S-0125,61.4,6.0,74.2,63.4,69.0,Medium,Associate,Yes,No,Average
S-0126,71.4,5.1,72.1,72.1,81.1,High,High School,No,Yes,Average
S-0127,90.9,4.8,89.2,74.5,28.5,High,High School,Yes,Yes,Average
S-0128,33.2,15.8,88.0,80.9,41.2,Low,High School,Yes,No,At-Risk
S-0129,50.3,9.8,83.6,77.1,93.4,Medium,Associate,Yes,No,Average
S-0130,75.5,13.5,97.5,57.1,74.2,Medium,Bachelor,Yes,Yes,Average
S-0131,35.4,6.7,74.0,75.5,88.7,Low,Master,Yes,No,At-Risk
S-0132,61.1,6.3,61.3,96.1,88.5,High,High School,Yes,No,Average
S-0133,56.0,6.6,86.2,79.3,51.4,High,High School,Yes,Yes,Average
S-0134,66.9,7.3,68.0,91.7,46.6,High,Associate,Yes,No,Average
S-0135,30.4,9.5,72.6,84.5,83.3,Low,Master,Yes,Yes,Average
S-0136,66.2,7.3,56.9,88.3,49.4,Low,High School,Yes,No,At-Risk
S-0137,30.3,10.4,62.8,75.7,91.0,Medium,Bachelor,Yes,Yes,Average
S-0138,85.2,7.8,93.1,78.3,83.6,Medium,Associate,Yes,No,High
S-0139,49.1,6.0,70.2,75.1,49.6,High,High School,Yes,No,At-Risk
S-0140,98.6,9.0,78.9,72.1,57.9,Low,Associate,Yes,Yes,Average
S-0141,98.1,12.4,61.7,80.9,59.0,Low,High School,Yes,No,Average
S-0142,62.6,6.2,32.0,65.7,80.3,Medium,Master,Yes,No,At-Risk
S-0143,74.9,11.1,73.2,94.6,41.9,Medium,Associate,Yes,No,Average
S-0144,65.0,8.5,89.8,60.9,83.6,Medium,Bachelor,Yes,Yes,Average
S-0145,64.2,3.6,22.8,81.7,90.1,High,Bachelor,Yes,No,At-Risk
S-0146,51.8,13.8,67.8,88.5,64.9,Low,Bachelor,No,Yes,At-Risk
S-0147,80.5,8.4,80.5,69.9,85.9,High,Associate,Yes,Yes,High
S-0148,53.5,13.3,43.4,58.6,50.5,Medium,High School,Yes,Yes,At-Risk
S-0149,52.6,10.3,77.6,85.9,59.3,Medium,Associate,Yes,Yes,Average
S-0150,63.9,4.5,72.7,74.4,98.5,High,High School,Yes,No,Average
S-0151,95.4,2.0,96.5,81.8,99.2,Medium,Bachelor,Yes,Yes,High
S-0152,62.0,4.8,62.4,70.7,70.8,High,High School,Yes,Yes,Average
S-0153,57.2,2.0,36.6,92.8,35.4,Medium,Bachelor,No,No,At-Risk
S-0154,74.5,10.7,67.3,46.6,71.4,Medium,High School,No,No,At-Risk
S-0155,35.4,10.6,72.8,76.5,57.5,High,Master,Yes,No,Average
S-0156,62.1,4.4,52.8,88.1,56.0,High,Associate,Yes,Yes,Average
S-0157,83.6,8.0,96.3,73.3,95.8,High,Associate,Yes,No,High
S-0158,88.1,13.4,69.7,75.6,50.3,Medium,Master,Yes,Yes,Average
S-0159,61.9,7.0,63.7,66.8,74.8,Medium,Associate,Yes,No,At-Risk
S-0160,86.4,14.6,72.7,72.2,73.3,High,PhD,Yes,No,High
S-0161,68.4,9.7,64.2,51.9,84.4,High,High School,Yes,No,Average
S-0162,81.6,8.1,65.1,63.4,70.0,Low,Associate,Yes,Yes,At-Risk
S-0163,81.7,9.8,83.0,62.6,43.7,Medium,Bachelor,No,Yes,Average
S-0164,76.8,7.8,62.4,80.0,50.2,High,Master,Yes,Yes,Average
S-0165,54.5,5.3,61.2,65.1,77.2,Medium,High School,Yes,Yes,At-Risk
S-0166,91.8,5.1,88.6,65.5,83.1,Medium,Master,Yes,Yes,Average
S-0167,66.0,13.4,74.5,67.5,74.2,High,Bachelor,Yes,No,Average
S-0168,59.3,12.6,65.0,63.0,84.3,Low,Master,Yes,Yes,Average
S-0169,52.0,11.3,70.1,75.2,48.5,Medium,Associate,Yes,No,At-Risk
S-0170,79.5,7.8,85.7,76.5,92.9,High,High School,Yes,Yes,High
S-0171,37.8,12.0,71.0,81.9,74.9,Medium,Master,Yes,Yes,Average
S-0172,50.8,6.7,79.8,79.8,47.6,High,Master,No,No,Average
S-0173,75.6,10.5,64.9,78.6,67.7,Low,Associate,No,No,At-Risk
S-0174,36.3,8.5,83.5,68.1,90.7,Medium,High School,Yes,No,At-Risk
S-0175,82.3,13.6,72.6,67.3,93.9,Low,High School,Yes,Yes,Average
S-0176,58.7,19.3,85.1,61.5,55.9,High,Bachelor,Yes,No,Average
S-0177,59.4,5.4,92.3,61.3,19.1,Medium,High School,Yes,Yes,Average
S-0178,69.3,9.6,84.5,74.3,46.0,Medium,Associate,No,Yes,Average
S-0179,30.7,25.2,71.8,63.4,42.0,Low,Associate,Yes,No,At-Risk
S-0180,35.4,8.1,70.2,89.6,73.6,Low,Bachelor,Yes,Yes,At-Risk
S-0181,67.1,8.0,73.1,71.5,81.7,Medium,High School,No,Yes,At-Risk
S-0182,52.6,16.0,66.6,90.0,87.7,Low,Associate,Yes,No,Average
S-0183,35.0,9.8,67.2,78.9,60.4,Medium,Bachelor,No,No,At-Risk
S-0184,93.9,10.8,91.6,62.7,40.4,Medium,Bachelor,Yes,Yes,High
S-0185,62.9,20.2,75.4,71.3,35.3,High,Associate,Yes,No,Average
S-0186,83.0,13.2,77.4,51.9,41.0,High,Associate,Yes,Yes,Average
S-0187,90.9,8.5,83.8,74.3,45.5,Medium,Bachelor,Yes,No,Average
S-0188,77.8,16.4,83.6,63.8,59.6,Medium,Master,Yes,No,Average
S-0189,33.2,8.7,62.7,58.6,45.2,High,Bachelor,Yes,Yes,At-Risk
S-0190,62.1,8.1,93.3,90.3,56.8,High,Master,Yes,Yes,Average
S-0191,54.7,14.8,67.1,84.4,30.0,Low,Bachelor,No,Yes,At-Risk
S-0192,94.9,10.5,88.9,84.0,43.3,High,Bachelor,Yes,No,High
S-0193,95.0,14.7,90.9,81.4,48.7,Low,High School,Yes,No,Average
S-0194,81.7,22.4,88.6,57.2,81.7,Low,Associate,Yes,Yes,Average
S-0195,67.0,4.6,83.2,67.2,23.6,Low,Associate,Yes,Yes,At-Risk
S-0196,67.5,8.2,60.6,67.9,78.4,High,High School,Yes,Yes,Average
S-0197,86.3,9.0,74.4,51.5,43.3,Medium,Associate,Yes,Yes,Average
S-0198,94.9,4.9,84.2,65.3,64.4,High,High School,Yes,Yes,Average
S-0199,94.4,9.5,75.5,65.4,50.6,Medium,Bachelor,Yes,No,Average
S-0200,89.0,10.4,94.5,73.5,46.6,Medium,Associate,Yes,No,Average
S-0201,52.3,2.9,59.6,100.0,74.0,Medium,Associate,Yes,No,Average
S-0202,54.2,16.0,71.7,71.7,95.7,High,PhD,Yes,No,Average
S-0203,58.1,7.3,70.6,73.5,43.3,Low,Associate,No,No,At-Risk
S-0204,94.9,9.8,73.3,69.0,65.3,Medium,Associate,No,No,Average
S-0205,44.7,15.5,82.3,80.9,82.5,Low,Associate,Yes,No,At-Risk
S-0206,50.5,5.8,88.3,59.1,67.8,High,Master,Yes,Yes,Average
S-0207,55.1,10.0,86.5,94.8,88.4,Medium,Associate,Yes,Yes,Average
S-0208,83.2,5.3,92.3,70.5,50.8,Medium,Bachelor,Yes,Yes,Average
S-0209,50.3,9.8,95.4,67.3,97.6,Medium,High School,No,No,At-Risk
S-0210,58.0,8.7,92.6,83.6,63.1,High,Associate,Yes,No,Average
S-0211,77.4,12.9,60.8,61.3,60.5,High,High School,Yes,Yes,Average
S-0212,84.6,9.2,89.4,80.6,92.5,High,Bachelor,No,No,Average
S-0213,82.6,5.1,68.3,88.9,73.8,Medium,Master,Yes,No,Average
S-0214,61.2,4.5,65.3,69.1,71.0,Low,Bachelor,Yes,Yes,At-Risk
S-0215,85.6,4.4,85.5,96.6,83.6,High,Bachelor,Yes,Yes,High
S-0216,61.9,9.4,72.8,79.7,74.8,Medium,Associate,Yes,Yes,Average
S-0217,66.3,10.0,62.3,79.9,49.8,Medium,Bachelor,Yes,Yes,At-Risk
S-0218,87.3,9.3,65.5,88.4,80.5,Medium,Associate,Yes,No,Average
S-0219,50.4,11.2,20.1,91.6,48.0,High,Bachelor,Yes,No,At-Risk
S-0220,92.5,12.5,96.1,75.1,88.4,Medium,High School,Yes,No,High
S-0221,82.9,7.4,61.0,81.6,99.4,Medium,High School,Yes,No,Average
S-0222,78.4,6.1,58.2,88.8,62.6,High,Associate,Yes,No,Average
S-0223,54.7,12.0,28.3,58.1,66.7,Medium,Associate,Yes,No,At-Risk
S-0224,68.4,12.4,74.3,51.2,42.8,Medium,High School,Yes,No,At-Risk
S-0225,63.3,7.3,96.5,71.3,40.8,High,Bachelor,Yes,No,Average
S-0226,62.2,10.8,61.6,51.0,95.3,High,High School,Yes,No,Average
S-0227,98.7,7.9,80.5,68.2,47.7,High,High School,Yes,Yes,Average
S-0228,69.7,6.0,29.0,75.8,66.7,High,Bachelor,Yes,No,At-Risk
S-0229,94.6,14.7,97.3,68.7,88.9,Medium,Associate,Yes,Yes,High
S-0230,81.6,18.9,84.8,70.3,38.9,High,Bachelor,Yes,No,Average
S-0231,89.7,8.1,92.2,60.0,71.2,Medium,Bachelor,Yes,Yes,Average
S-0232,75.1,11.8,50.3,81.5,73.9,High,PhD,Yes,Yes,Average
S-0233,78.8,10.6,75.4,59.2,80.2,High,Bachelor,Yes,No,Average
S-0234,74.6,3.8,75.0,46.8,97.7,High,High School,Yes,Yes,Average
S-0235,34.5,15.2,95.5,69.5,76.2,High,Associate,No,Yes,Average
S-0236,86.1,10.8,66.1,83.0,73.6,High,High School,Yes,Yes,Average
S-0237,64.0,18.3,66.1,73.0,40.9,Low,Master,Yes,No,Average
S-0238,54.1,7.2,73.1,58.0,34.6,High,High School,Yes,No,At-Risk
S-0239,82.3,9.2,62.2,73.2,74.6,Low,Associate,Yes,No,Average
S-0240,58.9,5.9,47.9,77.3,96.2,Medium,High School,Yes,No,Average
S-0241,97.0,9.5,98.6,73.1,92.0,Low,Master,Yes,Yes,High
S-0242,97.7,9.0,77.1,68.8,99.0,Medium,Associate,Yes,Yes,High
S-0243,95.7,3.2,85.3,77.8,71.7,High,PhD,Yes,Yes,High
S-0244,68.5,21.5,34.5,51.1,11.2,High,High School,No,No,At-Risk
S-0245,50.8,5.2,74.7,61.3,90.4,Medium,High School,Yes,No,At-Risk
S-0246,96.4,11.8,65.9,56.3,78.9,Medium,High School,Yes,Yes,Average
S-0247,39.7,10.7,68.3,88.2,60.3,Medium,Master,No,Yes,At-Risk
S-0248,98.3,17.5,72.5,80.5,68.2,High,Master,Yes,Yes,High
S-0249,98.2,18.7,85.4,74.2,91.5,Medium,High School,No,No,Average
S-0250,92.7,5.6,55.5,54.6,57.9,High,High School,Yes,Yes,Average
S-0251,64.7,6.3,60.3,80.9,95.4,High,Bachelor,Yes,Yes,Average
S-0252,69.3,12.8,80.9,88.6,53.8,Medium,High School,Yes,Yes,Average
S-0253,92.6,6.1,96.9,78.9,85.0,High,High School,Yes,No,Average
S-0254,65.8,22.7,92.5,71.6,77.8,High,High School,No,No,High
S-0255,58.5,11.5,93.0,79.6,85.0,High,High School,Yes,Yes,Average
S-0256,77.8,15.6,91.8,75.3,66.2,Medium,High School,Yes,No,Average
S-0257,96.8,6.1,72.9,83.1,96.0,Medium,High School,No,No,Average
S-0258,84.8,15.6,90.6,82.8,77.9,High,Associate,Yes,No,High
S-0259,78.5,4.4,65.7,69.3,57.3,Medium,Master,No,Yes,Average
S-0260,54.9,10.1,86.3,64.1,78.3,High,Associate,Yes,No,Average
S-0261,80.8,10.0,85.7,67.2,57.2,Low,Bachelor,Yes,No,Average
S-0262,99.5,17.7,61.0,78.4,57.6,Low,High School,Yes,Yes,Average
S-0263,57.0,6.6,91.5,67.9,64.0,Medium,Bachelor,Yes,No,Average
S-0264,75.9,21.7,96.1,63.0,91.1,Medium,Associate,Yes,Yes,High
S-0265,93.9,13.2,34.1,72.0,70.0,Medium,Bachelor,No,Yes,At-Risk
S-0266,87.0,11.1,20.7,85.3,80.7,Medium,High School,No,Yes,At-Risk
S-0267,84.9,13.2,63.3,73.6,63.5,Medium,Master,Yes,Yes,Average
S-0268,85.1,8.8,84.0,68.7,55.8,High,High School,Yes,Yes,Average
S-0269,68.0,3.9,79.4,75.8,97.3,High,Associate,No,No,Average
S-0270,64.7,5.3,81.8,73.0,76.2,Medium,PhD,Yes,No,Average
S-0271,90.5,12.4,97.0,48.8,96.0,Medium,Bachelor,Yes,No,Average
S-0272,90.5,6.3,65.0,80.4,52.2,Low,Associate,Yes,Yes,Average
S-0273,93.4,7.4,91.4,76.9,48.8,Medium,Master,No,No,Average
S-0274,95.7,15.2,70.9,72.2,91.3,Medium,Associate,Yes,No,Average
S-0275,75.6,10.6,96.5,84.7,80.9,Medium,High School,Yes,Yes,High
S-0276,75.1,17.3,63.9,86.6,51.2,Medium,PhD,Yes,No,Average
S-0277,89.9,7.4,94.1,81.6,56.2,High,High School,Yes,No,High
S-0278,82.5,8.8,73.1,61.8,88.0,Low,Master,No,No,At-Risk
S-0279,85.1,14.9,62.2,62.2,67.2,High,High School,No,Yes,Average
S-0280,35.8,11.3,27.9,85.4,80.2,Low,Bachelor,Yes,Yes,At-Risk
S-0281,94.5,22.6,69.3,49.5,59.1,High,Associate,Yes,No,Average
S-0282,66.9,5.4,69.7,70.2,62.9,Medium,PhD,No,No,At-Risk
S-0283,68.8,5.6,72.2,77.3,99.4,Medium,Bachelor,Yes,Yes,Average
S-0284,54.7,10.3,62.5,51.0,54.9,Medium,High School,Yes,No,At-Risk
S-0285,78.9,11.3,67.1,74.8,70.4,Low,Bachelor,No,Yes,Average
S-0286,46.7,5.8,60.2,83.5,90.7,Medium,High School,Yes,Yes,At-Risk
S-0287,73.3,14.0,77.8,54.2,54.4,Low,Bachelor,Yes,Yes,Average
S-0288,77.1,12.0,63.4,91.9,64.9,High,Master,Yes,No,Average
S-0289,64.3,6.9,87.3,59.9,76.9,Medium,Associate,Yes,Yes,Average
S-0290,79.5,10.2,69.4,78.9,68.9,High,Bachelor,Yes,Yes,Average
S-0291,51.5,13.8,97.7,71.0,23.6,Medium,High School,Yes,No,Average
S-0292,51.9,10.2,94.9,72.8,61.8,High,Associate,No,No,Average
S-0293,91.1,5.5,71.6,56.6,75.2,Medium,Associate,Yes,Yes,Average
S-0294,68.0,3.3,91.3,87.1,77.5,Low,Bachelor,Yes,Yes,Average
S-0295,56.4,5.1,92.1,75.9,79.2,Medium,High School,Yes,No,Average
S-0296,44.9,12.9,99.5,91.5,44.2,Medium,Bachelor,Yes,No,Average
S-0297,50.1,9.8,83.9,56.9,77.9,Low,High School,Yes,Yes,At-Risk
S-0298,60.8,7.7,63.3,69.8,97.2,Medium,Bachelor,Yes,No,At-Risk
S-0299,81.1,6.9,85.9,74.5,72.5,High,High School,Yes,Yes,Average
S-0300,54.3,6.8,85.0,72.7,82.9,High,Master,Yes,No,Average
S-0301,52.6,7.7,85.5,80.0,73.4,Medium,High School,Yes,Yes,Average
S-0302,76.6,8.6,72.3,69.7,91.3,High,Associate,Yes,No,Average
S-0303,77.0,9.3,50.0,97.5,95.8,High,High School,Yes,Yes,Average
S-0304,81.9,5.7,47.5,72.5,51.1,High,Bachelor,Yes,No,Average
S-0305,86.3,5.7,68.7,37.4,33.4,Medium,Associate,Yes,No,Average
S-0306,98.8,9.1,37.3,73.0,63.5,Low,Bachelor,Yes,No,At-Risk
S-0307,75.8,10.3,67.8,87.1,64.3,Medium,High School,Yes,No,Average
S-0308,66.1,4.7,44.0,60.9,47.5,High,Bachelor,Yes,Yes,At-Risk
S-0309,89.8,14.0,29.0,60.2,88.8,Medium,High School,No,No,At-Risk
S-0310,63.5,8.0,85.4,61.9,42.1,Low,High School,Yes,No,At-Risk
S-0311,71.9,12.4,76.1,59.1,71.7,Medium,Associate,Yes,No,Average
S-0312,53.9,13.0,83.1,66.2,79.7,Low,High School,Yes,No,At-Risk
S-0313,51.3,9.9,72.3,82.9,52.4,High,High School,Yes,No,Average
S-0314,98.1,7.9,79.1,90.3,94.4,Low,Master,No,Yes,Average
S-0315,45.7,14.4,91.7,42.9,90.3,High,PhD,Yes,No,Average
S-0316,84.8,11.8,99.2,67.5,68.3,High,Bachelor,Yes,No,High
S-0317,70.4,10.7,97.3,75.6,64.7,Low,High School,Yes,No,Average
S-0318,58.7,6.9,97.4,74.4,54.2,Medium,High School,Yes,No,Average
S-0319,57.8,11.7,76.1,94.8,83.8,High,Bachelor,Yes,No,High
S-0320,62.5,13.3,78.8,47.9,47.9,Medium,High School,No,Yes,At-Risk
S-0321,33.3,6.1,42.2,40.9,80.8,Low,Master,Yes,Yes,At-Risk
S-0322,57.0,15.5,96.9,96.7,90.5,Medium,High School,Yes,Yes,Average
S-0323,83.0,12.3,65.7,81.0,12.8,Medium,PhD,Yes,No,Average
S-0324,64.0,11.0,72.2,65.1,92.0,Medium,Associate,Yes,Yes,Average
S-0325,97.7,8.2,65.6,74.1,42.0,Low,Bachelor,Yes,Yes,Average
S-0326,86.9,17.9,84.5,74.9,94.8,Medium,High School,Yes,No,High
S-0327,77.7,6.4,72.3,64.9,24.8,Medium,Master,Yes,No,Average
S-0328,80.6,9.9,73.0,73.7,78.7,High,High School,Yes,No,Average
S-0329,71.0,8.3,62.8,76.3,55.0,Medium,Bachelor,Yes,No,Average
S-0330,62.4,4.8,74.0,96.2,90.2,High,Master,Yes,No,Average
S-0331,67.8,6.1,94.5,83.6,70.7,Medium,High School,Yes,Yes,Average
S-0332,87.9,12.9,69.3,92.9,48.1,High,Associate,Yes,No,Average
S-0333,50.7,20.1,87.8,55.9,74.3,Medium,Associate,No,Yes,Average
S-0334,55.8,13.2,42.2,67.8,64.5,High,Associate,Yes,No,At-Risk
S-0335,52.3,11.8,94.5,74.9,79.7,Medium,Associate,Yes,No,Average
S-0336,52.0,20.5,65.3,48.9,92.9,High,Associate,Yes,No,Average
S-0337,39.5,5.9,99.1,86.2,64.6,Medium,Associate,Yes,Yes,Average
S-0338,85.2,6.7,83.3,79.7,46.9,Medium,Bachelor,Yes,Yes,Average
S-0339,73.7,10.7,99.8,67.6,40.9,Medium,Bachelor,No,No,Average
S-0340,54.9,10.0,96.5,69.8,74.5,High,High School,Yes,Yes,Average
S-0341,74.6,10.1,54.0,87.0,64.1,High,Master,Yes,No,Average
S-0342,73.7,7.5,62.2,62.5,62.5,Medium,Master,Yes,No,Average
S-0343,58.7,10.2,70.2,87.5,51.0,High,Associate,No,No,Average
S-0344,71.7,4.0,81.1,69.0,65.8,High,Associate,Yes,No,Average
S-0345,69.9,17.2,61.5,81.1,99.1,High,Associate,Yes,No,High
S-0346,80.8,10.8,66.7,73.0,31.6,High,Bachelor,No,Yes,Average
S-0347,81.8,13.4,30.8,98.8,76.0,High,Bachelor,Yes,Yes,Average
S-0348,52.3,10.5,61.3,61.4,86.6,Medium,High School,Yes,No,At-Risk
S-0349,68.7,13.8,64.9,65.1,84.9,High,Bachelor,Yes,No,Average
S-0350,81.3,9.6,76.6,53.9,59.7,Medium,High School,Yes,No,Average
S-0351,75.2,15.8,62.5,58.8,76.7,High,High School,Yes,No,Average
S-0352,92.8,6.0,75.9,80.6,92.3,Medium,Bachelor,Yes,Yes,Average
S-0353,82.9,15.0,79.0,91.2,40.9,Low,Bachelor,Yes,Yes,Average
S-0354,58.1,15.0,78.1,81.9,66.1,Low,Associate,Yes,Yes,Average
S-0355,53.5,3.8,94.8,71.9,53.5,High,Associate,Yes,No,Average
S-0356,82.1,6.6,81.2,61.3,63.3,High,Master,Yes,Yes,High
S-0357,51.3,12.5,78.7,82.8,47.9,Low,Bachelor,Yes,Yes,At-Risk
S-0358,79.3,10.2,76.4,60.6,84.8,High,Bachelor,No,No,Average
S-0359,97.0,8.6,92.7,55.8,34.6,High,High School,No,Yes,Average
S-0360,78.8,4.7,95.8,68.3,70.8,High,High School,No,No,Average
S-0361,69.4,14.1,94.1,47.6,73.9,Medium,Associate,Yes,No,Average
S-0362,82.2,9.1,86.9,55.4,69.6,High,Associate,Yes,Yes,High
S-0363,72.9,9.4,65.5,94.6,83.9,Low,Bachelor,No,Yes,At-Risk
S-0364,77.3,10.2,71.1,53.2,63.0,High,Associate,No,No,Average
S-0365,97.1,10.6,61.8,57.7,96.7,Medium,Associate,Yes,Yes,Average
S-0366,69.3,6.2,97.2,72.9,68.9,Medium,High School,Yes,Yes,Average
S-0367,98.1,9.5,86.4,73.5,74.3,High,High School,Yes,Yes,High
S-0368,56.4,12.3,89.9,69.2,89.5,Medium,Master,Yes,Yes,Average
S-0369,59.8,6.2,72.5,48.0,56.5,Low,Bachelor,Yes,No,At-Risk
S-0370,53.5,16.3,93.8,82.2,44.5,High,High School,Yes,Yes,Average
S-0371,55.0,14.6,70.4,66.7,82.5,Medium,Bachelor,Yes,No,Average
S-0372,50.9,8.0,60.1,86.6,69.0,Medium,Bachelor,Yes,Yes,At-Risk
S-0373,34.9,8.3,75.1,64.3,93.8,Medium,Bachelor,Yes,No,At-Risk
S-0374,52.3,4.1,82.8,83.8,99.0,Low,High School,Yes,No,Average
S-0375,53.6,12.0,79.1,87.6,63.9,Medium,Associate,No,No,Average
S-0376,65.9,11.3,94.5,66.4,64.9,Low,High School,Yes,No,Average
S-0377,92.2,7.2,64.2,82.6,64.5,High,Master,Yes,Yes,Average
S-0378,51.2,16.0,82.2,56.1,31.9,Low,Bachelor,Yes,No,At-Risk
S-0379,50.6,9.6,46.2,75.2,86.9,Medium,Associate,Yes,Yes,At-Risk
S-0380,64.1,4.7,71.3,86.7,85.5,Low,Associate,Yes,Yes,Average
S-0381,55.9,7.1,92.9,78.2,68.7,Low,High School,Yes,No,At-Risk
S-0382,84.8,4.3,61.2,100.0,42.7,High,High School,Yes,Yes,Average
S-0383,81.4,34.0,89.3,78.9,58.6,High,PhD,Yes,No,High
S-0384,93.9,4.3,95.0,67.6,57.5,Low,High School,Yes,Yes,Average
S-0385,48.5,9.0,88.9,100.0,88.7,Low,High School,Yes,No,Average
S-0386,90.2,6.7,69.3,91.6,45.3,Low,PhD,Yes,No,Average
S-0387,64.1,3.4,88.2,52.8,88.3,High,Associate,No,No,At-Risk
S-0388,58.9,18.2,72.3,62.6,21.8,Medium,Bachelor,Yes,No,Average
S-0389,87.5,6.3,69.7,59.5,83.9,Low,High School,Yes,No,Average
S-0390,90.3,12.9,62.9,79.7,65.9,Medium,Bachelor,Yes,No,Average
S-0391,99.5,5.4,89.8,78.9,80.8,High,Associate,Yes,Yes,High
S-0392,70.6,12.7,88.4,78.8,76.5,High,Bachelor,Yes,No,Average
S-0393,68.6,3.2,69.4,52.4,86.1,High,High School,Yes,Yes,At-Risk
S-0394,88.8,18.7,90.0,64.3,66.8,Medium,Associate,Yes,Yes,Average
S-0395,67.0,8.4,96.7,70.2,68.4,Low,Bachelor,Yes,Yes,Average
S-0396,96.5,5.3,64.3,50.1,25.8,Medium,Associate,No,Yes,At-Risk
S-0397,92.9,16.9,69.3,61.5,46.5,High,Bachelor,No,No,Average
S-0398,41.6,7.2,90.0,88.3,66.2,High,High School,Yes,No,Average
S-0399,87.5,4.4,52.6,53.4,98.3,Medium,High School,Yes,No,At-Risk
S-0400,49.1,10.3,85.0,89.5,42.3,Medium,Bachelor,Yes,No,Average
S-0401,55.2,7.6,61.7,85.1,59.0,Medium,Bachelor,Yes,Yes,Average
S-0402,95.1,9.7,78.1,68.5,58.8,Medium,PhD,Yes,Yes,Average
S-0403,75.3,12.6,48.7,64.2,78.0,Medium,Bachelor,Yes,Yes,Average
S-0404,91.3,7.8,87.5,82.0,46.3,Medium,Associate,Yes,No,Average
S-0405,66.0,13.8,92.6,62.5,77.7,Low,Master,Yes,Yes,Average
S-0406,94.8,12.9,30.5,63.1,45.7,Medium,High School,Yes,No,Average
S-0407,69.5,1.5,90.9,71.7,45.7,High,Associate,Yes,No,Average
S-0408,55.0,15.8,86.9,46.4,83.7,Low,High School,Yes,No,At-Risk
S-0409,95.3,8.6,61.3,54.6,59.4,Low,High School,Yes,No,At-Risk
S-0410,54.6,12.5,81.4,68.2,98.6,Medium,Bachelor,Yes,No,Average
S-0411,33.4,6.8,61.5,77.7,20.7,High,Associate,Yes,Yes,At-Risk
S-0412,97.5,9.9,92.3,62.4,66.7,High,Bachelor,Yes,Yes,High
S-0413,97.5,7.0,72.8,69.6,46.8,Low,Associate,Yes,No,Average
S-0414,78.7,7.0,82.5,52.6,61.1,Medium,Associate,Yes,No,Average
S-0415,52.3,7.0,71.2,83.2,99.9,Medium,High School,No,No,At-Risk
S-0416,72.4,5.8,91.3,74.6,93.3,High,Bachelor,No,Yes,Average
S-0417,34.1,17.3,95.5,75.7,42.9,High,Associate,Yes,No,Average
S-0418,66.4,7.4,75.9,77.9,73.8,High,Master,Yes,Yes,Average
S-0419,83.6,7.1,94.5,72.9,78.9,Medium,High School,Yes,Yes,Average
S-0420,87.6,12.9,70.7,66.2,52.6,High,High School,Yes,Yes,Average
S-0421,41.7,4.6,81.4,85.6,48.7,High,Bachelor,No,Yes,At-Risk
S-0422,89.5,7.5,94.4,73.9,38.2,High,Master,Yes,Yes,High
S-0423,54.6,7.9,73.0,70.0,98.1,Medium,Associate,No,Yes,At-Risk
S-0424,74.7,5.5,98.2,71.9,99.5,Medium,Bachelor,Yes,No,Average
S-0425,52.9,3.6,64.9,71.6,17.1,Medium,PhD,Yes,No,At-Risk
S-0426,77.5,9.9,60.7,69.9,45.2,Low,PhD,Yes,No,At-Risk
S-0427,72.1,11.5,96.2,77.4,42.9,Medium,Bachelor,Yes,No,Average
S-0428,94.4,8.7,62.7,60.8,50.3,High,Bachelor,Yes,No,Average
S-0429,67.5,17.1,99.7,61.6,44.7,High,High School,Yes,Yes,Average
S-0430,55.9,10.7,98.1,78.7,81.6,High,Master,Yes,Yes,High
S-0431,57.1,9.1,65.5,70.3,87.1,Low,Associate,Yes,No,At-Risk
S-0432,88.1,11.4,81.5,83.7,89.6,Low,PhD,Yes,Yes,Average
S-0433,80.9,7.6,67.4,76.9,94.8,High,High School,Yes,No,Average
S-0434,55.1,14.0,77.1,65.4,92.8,Medium,Associate,Yes,No,Average
S-0435,54.2,7.8,41.2,78.9,100.0,Low,Bachelor,Yes,No,At-Risk
S-0436,85.0,7.5,53.6,86.4,13.2,High,Associate,Yes,No,Average
S-0437,53.6,10.7,74.5,77.4,85.8,High,High School,Yes,No,Average
S-0438,91.1,7.5,77.5,80.0,22.5,Medium,Bachelor,No,Yes,Average
S-0439,33.7,3.3,99.1,69.9,55.7,High,Bachelor,Yes,No,Average
S-0440,54.1,11.6,92.3,83.9,98.9,High,Bachelor,Yes,Yes,High
S-0441,54.2,13.2,89.5,65.0,93.9,High,High School,Yes,No,Average
S-0442,55.4,8.4,81.5,76.1,47.7,High,Bachelor,Yes,No,Average
S-0443,32.9,10.5,34.9,100.0,41.6,Low,High School,Yes,Yes,At-Risk
S-0444,68.5,8.0,73.6,78.5,81.3,High,High School,Yes,No,Average
S-0445,90.6,9.9,88.4,67.0,76.2,Low,Bachelor,Yes,Yes,Average
S-0446,97.4,6.0,21.6,66.9,96.1,Low,Master,Yes,Yes,Average
S-0447,99.3,23.1,72.6,71.1,54.0,High,Associate,Yes,No,High
S-0448,87.7,20.4,87.0,82.2,45.1,Medium,Associate,Yes,Yes,High
S-0449,68.8,5.5,93.8,73.7,55.6,High,Associate,No,Yes,Average
S-0450,54.2,9.1,96.6,64.2,41.1,High,Associate,No,Yes,Average
S-0451,88.9,10.2,88.7,64.2,42.2,High,High School,Yes,No,Average
S-0452,77.9,10.4,71.3,73.8,94.9,High,PhD,Yes,Yes,High
S-0453,71.2,14.2,73.1,72.5,61.1,Medium,Master,Yes,Yes,Average
S-0454,95.3,7.1,25.2,77.5,38.5,Medium,Bachelor,Yes,No,Average
S-0455,55.6,11.3,90.4,83.0,41.1,Low,Associate,Yes,Yes,Average
S-0456,74.6,8.6,61.7,100.0,56.2,Medium,Bachelor,Yes,Yes,Average
S-0457,50.6,4.6,94.6,54.5,88.3,Medium,Associate,Yes,No,Average
S-0458,73.4,12.6,64.7,80.2,76.9,Medium,High School,Yes,No,Average
S-0459,52.8,9.1,66.9,73.2,85.2,High,High School,Yes,No,Average
S-0460,55.9,8.3,79.1,49.9,66.8,High,Bachelor,Yes,Yes,Average
S-0461,55.9,8.9,89.5,87.0,11.9,High,Master,Yes,No,Average
S-0462,82.5,12.7,65.6,77.1,69.0,High,High School,Yes,No,Average
S-0463,87.3,6.5,77.6,81.6,59.4,Medium,High School,Yes,Yes,Average
S-0464,79.2,4.8,79.3,51.6,90.3,Low,Associate,Yes,Yes,Average
S-0465,98.1,7.3,68.5,69.4,57.9,Medium,Master,Yes,No,Average
S-0466,68.7,10.3,64.6,59.0,79.6,High,High School,Yes,No,Average
S-0467,64.3,7.1,64.7,98.0,48.2,Medium,High School,Yes,No,Average
S-0468,93.4,10.9,25.7,85.7,81.2,High,Bachelor,Yes,No,Average
S-0469,61.2,11.3,21.2,63.8,94.8,Medium,Associate,Yes,No,At-Risk
S-0470,98.2,8.6,92.1,53.6,76.5,Low,High School,Yes,No,Average
S-0471,50.6,11.2,99.2,74.3,73.6,Medium,High School,Yes,Yes,Average
S-0472,98.5,9.2,84.2,85.1,97.7,Medium,Bachelor,Yes,Yes,High
S-0473,52.2,9.5,80.1,51.2,77.6,Medium,Associate,Yes,No,At-Risk
S-0474,94.6,11.1,95.1,60.8,55.6,High,PhD,No,No,High
S-0475,76.4,9.8,98.1,58.7,57.5,High,Bachelor,Yes,No,Average
S-0476,99.6,4.4,45.7,82.4,21.5,Medium,High School,Yes,No,Average
S-0477,53.7,18.8,77.8,67.6,84.1,High,Associate,Yes,No,Average
S-0478,77.7,9.9,83.7,68.1,58.2,Medium,Associate,Yes,Yes,Average
S-0479,30.9,6.2,88.0,74.1,60.7,High,High School,Yes,No,Average
S-0480,38.1,11.3,67.8,61.5,99.5,Medium,Master,Yes,Yes,At-Risk
S-0481,81.5,19.2,77.9,54.7,46.1,High,Master,Yes,Yes,Average
S-0482,84.8,6.9,93.2,88.4,64.3,Medium,High School,No,Yes,Average
S-0483,72.7,21.3,86.2,89.5,43.7,Medium,High School,Yes,No,Average
S-0484,81.4,13.1,76.4,74.2,89.3,Low,High School,Yes,No,Average
S-0485,79.2,3.9,86.5,75.0,45.5,Medium,High School,Yes,Yes,Average
S-0486,95.1,21.9,64.7,87.1,80.4,Medium,Bachelor,Yes,Yes,High
S-0487,52.3,3.9,76.1,73.9,43.4,Medium,Associate,Yes,No,At-Risk
S-0488,64.0,10.1,91.7,67.0,80.4,High,PhD,Yes,No,Average
S-0489,97.5,8.8,68.8,72.5,90.6,High,High School,Yes,No,Average
S-0490,94.5,5.6,67.4,88.7,63.9,High,Bachelor,Yes,No,High
S-0491,72.8,12.2,98.0,72.6,71.3,High,Master,Yes,No,High
S-0492,81.0,16.2,68.4,64.0,64.1,High,Associate,Yes,Yes,Average
S-0493,63.9,4.5,70.4,73.8,58.0,Medium,High School,Yes,Yes,Average
S-0494,59.8,17.7,98.8,79.9,88.2,Medium,High School,Yes,Yes,High
S-0495,73.2,13.0,89.4,78.4,56.3,High,Associate,Yes,No,Average
S-0496,44.3,17.2,88.0,78.6,83.4,High,PhD,No,Yes,Average
S-0497,79.2,9.2,94.1,62.1,52.4,Medium,Master,Yes,No,Average
S-0498,53.9,21.7,64.6,81.2,55.0,Medium,Master,Yes,Yes,Average
S-0499,31.4,10.9,88.2,72.3,60.2,Medium,Master,Yes,No,Average
S-0500,43.0,10.7,80.1,63.5,75.3,High,Associate,Yes,Yes,Average
S-0501,84.9,10.5,93.2,81.1,67.3,Medium,Master,Yes,Yes,High
S-0502,76.8,4.2,80.3,66.6,84.7,High,PhD,Yes,Yes,High
S-0503,39.6,12.1,84.8,53.1,52.8,High,Associate,Yes,No,Average
S-0504,90.7,5.3,79.1,60.0,40.6,High,High School,Yes,Yes,Average
S-0505,84.2,5.7,79.1,69.8,86.6,Medium,Associate,Yes,No,Average
S-0506,58.1,3.3,90.7,78.9,89.3,Medium,High School,No,No,Average
S-0507,95.5,3.7,85.1,61.6,43.6,Low,High School,No,No,Average
S-0508,32.8,16.0,85.3,69.1,76.7,Low,Master,Yes,No,Average
S-0509,97.5,8.8,78.0,57.4,62.7,High,Master,Yes,No,Average
S-0510,86.3,2.3,24.7,83.8,87.6,Medium,High School,Yes,Yes,At-Risk
S-0511,80.7,10.8,89.8,92.6,92.5,Low,Associate,No,Yes,Average
S-0512,70.9,14.2,93.0,91.3,91.1,Medium,Master,Yes,No,High
S-0513,96.6,6.4,87.9,83.6,86.6,High,Bachelor,Yes,Yes,High
S-0514,56.4,7.0,97.0,82.4,56.1,Medium,Associate,Yes,No,Average
S-0515,52.3,14.8,92.8,47.1,88.7,High,Bachelor,Yes,Yes,Average
S-0516,51.3,7.6,82.5,74.1,72.0,Medium,Master,Yes,No,Average
S-0517,68.8,16.5,86.9,66.0,43.2,Medium,Master,No,Yes,Average
S-0518,90.5,9.3,97.1,82.6,67.4,Low,Associate,Yes,No,Average
S-0519,46.5,16.0,84.8,41.5,96.5,Medium,High School,Yes,No,Average
S-0520,57.5,7.7,93.0,74.3,93.3,High,Master,Yes,Yes,Average
S-0521,79.7,16.8,25.0,69.4,46.1,Medium,High School,No,Yes,At-Risk
S-0522,69.0,4.8,82.1,85.4,84.6,Medium,Bachelor,Yes,Yes,Average
S-0523,98.5,11.3,69.7,90.6,88.3,High,High School,Yes,No,High
S-0524,92.1,7.4,39.3,60.9,56.3,High,Associate,No,Yes,At-Risk
S-0525,91.9,9.2,98.7,61.4,68.3,High,Associate,Yes,Yes,Average
S-0526,73.4,12.9,86.3,74.8,82.7,Medium,High School,Yes,No,Average
S-0527,70.7,8.7,82.6,92.8,66.3,Medium,Master,Yes,Yes,High
S-0528,44.6,13.5,97.3,72.7,46.8,High,High School,No,Yes,Average
S-0529,52.8,14.1,83.5,56.7,82.4,High,Master,No,Yes,Average
S-0530,93.2,8.9,52.7,64.7,94.7,High,Master,Yes,No,Average
S-0531,90.6,13.1,43.5,74.4,79.1,Medium,Associate,Yes,No,Average
S-0532,100.0,8.2,88.5,74.9,15.2,High,Bachelor,Yes,Yes,Average
S-0533,99.8,10.0,67.7,63.6,61.5,High,High School,Yes,No,Average
S-0534,77.8,12.3,78.9,64.5,51.0,Low,Bachelor,Yes,Yes,Average
S-0535,88.4,7.1,78.9,60.2,78.6,High,Bachelor,Yes,Yes,Average
S-0536,97.2,4.5,75.1,85.7,59.7,High,Associate,Yes,No,High
S-0537,92.5,6.4,80.7,62.0,91.6,Low,Associate,Yes,Yes,Average
S-0538,62.4,7.4,76.5,66.4,47.4,Low,Bachelor,Yes,No,At-Risk
S-0539,72.5,14.5,68.0,66.1,66.0,High,Master,Yes,No,Average
S-0540,56.5,8.0,76.5,52.7,63.8,Low,High School,Yes,No,At-Risk
S-0541,97.7,13.2,62.9,61.6,96.3,Low,Bachelor,No,Yes,Average
S-0542,80.3,2.5,83.0,86.7,49.2,Medium,High School,Yes,Yes,Average
S-0543,36.6,5.4,94.1,57.5,40.6,Low,Master,No,No,At-Risk
S-0544,83.6,1.8,89.0,60.4,54.3,High,High School,Yes,Yes,Average
S-0545,80.9,7.6,74.4,56.0,89.2,Medium,Bachelor,Yes,No,Average
S-0546,67.9,17.2,29.1,70.9,52.6,Medium,High School,Yes,Yes,At-Risk
S-0547,55.7,10.0,68.1,94.6,54.5,High,Bachelor,Yes,Yes,Average
S-0548,37.8,5.7,81.8,70.4,47.8,Medium,Master,Yes,Yes,Average
S-0549,76.0,3.6,68.3,72.8,82.9,Medium,Bachelor,Yes,No,Average
S-0550,88.6,10.8,81.8,62.5,44.2,High,Bachelor,Yes,No,Average
S-0551,76.0,6.0,69.3,71.3,59.9,Medium,Associate,Yes,Yes,Average
S-0552,92.6,6.7,63.0,86.7,56.9,Medium,Master,Yes,No,Average
S-0553,77.6,5.6,75.9,73.7,73.3,High,Bachelor,Yes,Yes,Average
S-0554,46.2,6.1,69.8,97.6,83.8,High,Master,Yes,Yes,Average
S-0555,93.8,5.0,20.7,87.1,72.0,High,Associate,Yes,No,Average
S-0556,42.4,9.2,73.7,71.0,95.9,High,Associate,Yes,No,Average
S-0557,56.7,10.3,64.5,70.7,97.1,High,High School,No,Yes,Average
S-0558,51.4,6.1,82.8,91.6,61.7,High,Associate,Yes,Yes,Average
S-0559,87.8,18.9,83.3,73.6,86.7,High,High School,Yes,No,High
S-0560,81.0,11.8,88.6,88.9,84.3,Low,Master,Yes,No,Average
S-0561,42.4,3.2,69.6,96.0,93.6,Medium,Bachelor,Yes,No,At-Risk
S-0562,60.6,9.9,77.8,69.5,66.9,High,PhD,Yes,Yes,Average
S-0563,56.8,10.7,71.3,76.2,71.8,Medium,High School,No,No,At-Risk
S-0564,50.7,11.0,63.2,83.8,64.9,Low,High School,Yes,Yes,At-Risk
S-0565,67.5,9.1,95.1,81.2,91.0,Medium,Master,Yes,No,High
S-0566,45.4,13.0,89.2,81.1,53.8,Medium,Associate,Yes,Yes,Average
S-0567,69.6,15.0,72.1,56.0,54.4,Medium,Associate,Yes,Yes,Average
S-0568,71.9,11.9,84.0,61.8,62.4,High,Master,Yes,Yes,Average
S-0569,95.2,16.4,68.1,66.1,37.8,High,Associate,Yes,No,High
S-0570,67.4,14.0,95.6,86.6,73.7,High,High School,Yes,No,High
S-0571,75.7,8.4,64.6,57.2,48.1,High,Master,Yes,Yes,Average
S-0572,89.2,10.9,59.9,90.3,59.2,Medium,High School,Yes,No,Average
S-0573,69.8,12.1,80.1,81.4,94.8,Medium,Master,Yes,No,Average
S-0574,81.1,14.7,83.3,85.9,64.6,Medium,High School,Yes,Yes,Average
S-0575,93.1,8.9,83.2,60.8,84.9,High,Bachelor,Yes,No,Average
S-0576,97.5,10.5,62.2,72.9,29.7,Low,High School,Yes,No,Average
S-0577,57.4,3.5,72.6,75.6,38.8,Medium,Bachelor,Yes,Yes,At-Risk
S-0578,96.3,7.7,80.0,75.1,88.4,High,High School,Yes,Yes,High
S-0579,74.6,2.1,68.7,75.5,85.8,Medium,Master,Yes,Yes,Average
S-0580,62.9,6.0,94.9,68.7,63.2,High,Associate,No,Yes,Average
S-0581,73.0,6.7,63.5,73.6,97.3,High,High School,Yes,No,Average
S-0582,99.0,12.0,40.8,84.4,42.5,Medium,Bachelor,Yes,No,Average
S-0583,74.6,6.5,87.7,58.0,97.7,Medium,Associate,Yes,No,Average
S-0584,66.4,9.2,70.5,90.6,65.7,High,High School,Yes,Yes,Average
S-0585,81.7,11.0,85.0,83.8,51.8,Medium,High School,No,No,Average
S-0586,62.0,9.0,93.2,60.4,77.6,Low,Associate,Yes,No,Average
S-0587,53.8,7.1,67.6,76.6,81.1,Medium,High School,Yes,No,Average
S-0588,56.4,17.7,25.0,82.8,47.5,High,High School,Yes,Yes,At-Risk
S-0589,56.4,13.3,82.1,57.2,87.2,Medium,High School,Yes,No,Average
S-0590,47.3,8.8,72.0,72.5,41.1,High,Bachelor,Yes,No,Average
S-0591,56.9,7.7,77.2,71.1,69.0,High,Associate,Yes,No,Average
S-0592,82.0,10.8,72.5,64.3,59.9,Low,High School,Yes,Yes,Average
S-0593,59.1,10.7,89.0,73.1,84.4,High,PhD,Yes,Yes,High
S-0594,67.3,9.8,91.9,64.8,58.8,Medium,Master,Yes,No,Average
S-0595,50.6,7.0,40.7,88.5,89.6,Medium,High School,Yes,Yes,Average
S-0596,34.7,2.8,99.4,64.5,75.7,High,High School,Yes,No,At-Risk
S-0597,83.4,10.7,91.7,81.5,87.6,High,Master,Yes,No,High
S-0598,58.6,6.3,84.1,52.1,99.4,Low,Associate,Yes,Yes,Average
S-0599,59.6,17.5,73.6,70.1,80.7,High,Associate,Yes,No,Average
S-0600,52.0,5.3,81.8,72.1,23.6,High,Associate,Yes,Yes,Average
S-0601,58.4,7.9,61.6,69.7,41.7,High,Bachelor,Yes,Yes,Average
S-0602,63.9,17.2,89.8,67.2,60.3,Medium,High School,Yes,No,Average
S-0603,58.9,7.9,77.8,64.0,46.5,High,Bachelor,Yes,No,Average
S-0604,54.4,6.3,60.8,81.1,34.2,Medium,Bachelor,Yes,Yes,At-Risk
S-0605,56.0,14.7,62.5,84.0,90.3,Low,Associate,No,No,Average
S-0606,73.0,16.6,75.5,71.0,41.9,High,Master,Yes,Yes,Average
S-0607,60.3,3.6,83.3,58.8,71.2,High,High School,Yes,No,Average
S-0608,68.2,14.0,78.6,93.5,74.0,Medium,Bachelor,No,No,Average
S-0609,75.2,13.6,84.8,61.4,73.7,Medium,Associate,Yes,Yes,Average
S-0610,84.5,8.6,79.2,54.5,68.5,Low,Associate,Yes,No,Average
S-0611,52.0,5.4,86.5,47.8,87.4,High,High School,Yes,No,Average
S-0612,90.0,17.8,25.6,73.2,48.0,Medium,Associate,Yes,No,Average
S-0613,81.4,2.8,64.5,69.4,58.6,Medium,High School,Yes,No,Average
S-0614,54.1,6.2,83.9,84.4,76.9,Medium,High School,Yes,Yes,Average
S-0615,93.7,12.9,79.4,79.3,81.5,High,High School,Yes,Yes,High
S-0616,96.0,3.6,61.1,75.5,64.2,High,Bachelor,Yes,No,Average
S-0617,53.1,8.1,75.2,68.7,92.5,High,High School,Yes,No,Average
S-0618,63.8,8.7,64.2,85.3,64.9,High,Bachelor,Yes,No,Average
S-0619,45.3,16.2,81.3,94.4,64.2,Medium,High School,No,Yes,Average
S-0620,87.4,12.9,75.8,84.1,42.2,Low,High School,No,Yes,Average
S-0621,50.9,13.3,84.5,66.4,73.1,Low,Associate,Yes,Yes,Average
S-0622,60.5,3.7,92.2,81.4,82.5,High,High School,No,Yes,Average
S-0623,52.4,8.3,72.0,67.2,46.9,Medium,Bachelor,Yes,No,At-Risk
S-0624,74.2,11.4,24.0,58.7,58.3,Medium,Associate,No,No,At-Risk
S-0625,80.9,15.0,51.5,61.2,86.9,Medium,PhD,Yes,Yes,Average
S-0626,41.6,4.6,84.7,67.7,62.0,Medium,PhD,Yes,No,At-Risk
S-0627,73.1,8.0,37.5,73.2,54.5,Medium,Associate,Yes,No,At-Risk
S-0628,34.5,20.2,41.8,96.7,80.3,High,Bachelor,Yes,Yes,Average
S-0629,51.8,6.5,80.4,61.4,51.8,High,High School,Yes,No,Average
S-0630,62.6,12.1,77.2,87.9,93.7,High,Associate,No,Yes,Average
S-0631,31.3,13.8,62.2,68.2,46.3,High,Bachelor,Yes,No,At-Risk
S-0632,94.8,12.2,60.9,47.8,82.4,Medium,High School,Yes,No,Average
S-0633,54.5,14.6,74.3,65.9,70.0,Medium,High School,Yes,No,Average
S-0634,56.5,3.6,73.3,86.1,92.2,High,High School,Yes,No,Average
S-0635,55.4,12.4,75.5,76.1,41.6,High,Associate,Yes,Yes,Average
S-0636,72.4,8.5,65.5,76.9,80.7,Medium,Associate,Yes,No,Average
S-0637,76.6,9.2,89.5,87.9,41.1,High,Associate,Yes,No,Average
S-0638,62.1,10.4,52.5,59.6,33.2,Low,Associate,Yes,No,At-Risk
S-0639,63.5,11.6,97.5,59.4,69.5,Medium,Associate,Yes,No,Average
S-0640,52.4,8.5,79.7,44.8,83.3,High,Bachelor,Yes,No,Average
S-0641,51.0,9.4,88.0,82.5,96.3,Medium,High School,Yes,No,Average
S-0642,66.1,3.9,94.2,78.7,45.5,Low,Bachelor,Yes,Yes,Average
S-0643,52.7,4.3,76.7,80.7,41.2,Medium,Bachelor,Yes,Yes,Average
S-0644,66.4,13.7,72.4,57.8,88.3,Low,Bachelor,No,No,At-Risk
S-0645,56.0,15.4,97.5,52.7,46.5,High,Bachelor,Yes,No,Average
S-0646,94.5,14.7,80.6,56.2,99.2,High,Associate,Yes,No,High
S-0647,79.7,10.2,79.9,60.9,28.9,High,High School,Yes,Yes,Average
S-0648,49.9,17.5,24.3,90.6,79.1,High,Associate,Yes,Yes,Average
S-0649,89.5,16.5,64.3,84.0,51.9,Medium,PhD,Yes,No,Average
S-0650,74.9,15.2,93.7,66.5,54.4,Medium,Bachelor,Yes,No,Average
S-0651,54.3,9.3,84.6,75.6,79.6,Low,High School,Yes,No,Average
S-0652,76.9,12.5,73.0,63.9,94.6,Medium,High School,Yes,Yes,Average
S-0653,79.3,9.4,67.7,76.4,98.9,Low,PhD,Yes,Yes,Average
S-0654,87.3,10.2,82.2,58.3,37.8,High,High School,Yes,Yes,Average
S-0655,42.7,12.4,83.4,81.0,48.0,High,High School,Yes,Yes,Average
S-0656,56.4,18.1,68.3,61.8,43.4,Medium,Associate,Yes,No,Average
S-0657,64.2,11.0,94.1,81.7,92.1,High,PhD,No,Yes,Average
S-0658,68.2,4.7,63.4,66.9,57.7,Low,Associate,Yes,Yes,Average
S-0659,82.3,22.7,34.2,62.5,40.1,High,Associate,Yes,Yes,Average
S-0660,78.5,8.6,87.2,91.4,53.4,High,Bachelor,Yes,Yes,Average
S-0661,67.8,4.9,71.0,74.1,44.5,Medium,High School,Yes,No,At-Risk
S-0662,99.3,10.4,93.1,68.1,99.5,Medium,Master,No,Yes,High
S-0663,52.4,12.8,62.5,81.1,71.4,High,Associate,Yes,Yes,Average
S-0664,54.9,15.4,91.6,55.9,52.3,High,Associate,Yes,No,Average
S-0665,55.1,10.7,64.8,85.3,60.1,High,Master,Yes,Yes,Average
S-0666,57.6,7.6,65.6,70.3,59.8,High,PhD,Yes,No,Average
S-0667,62.3,10.5,71.5,79.2,41.2,High,Associate,Yes,Yes,Average
S-0668,58.0,10.3,80.7,53.4,48.1,Low,High School,Yes,No,At-Risk
S-0669,59.3,12.9,89.9,67.4,81.7,Low,Master,Yes,Yes,Average
S-0670,64.3,9.5,93.5,72.1,47.2,Medium,Associate,Yes,Yes,Average
S-0671,58.7,25.4,88.2,84.4,53.8,Low,Master,Yes,No,Average
S-0672,94.8,15.6,97.1,80.2,61.0,Medium,Master,No,Yes,High
S-0673,54.0,7.3,89.5,67.3,85.5,High,High School,Yes,No,Average
S-0674,76.2,7.0,72.3,75.8,24.2,Medium,PhD,Yes,Yes,Average
S-0675,70.5,6.8,70.6,87.1,81.3,Medium,Associate,Yes,No,Average
S-0676,99.1,12.1,87.8,69.6,74.0,High,Bachelor,Yes,No,High
S-0677,55.6,10.0,67.7,68.3,81.0,Low,High School,Yes,Yes,At-Risk
S-0678,69.9,6.2,63.7,49.3,40.2,Medium,Master,Yes,Yes,Average
S-0679,98.5,3.2,40.3,68.7,95.9,High,Bachelor,Yes,No,Average
S-0680,93.3,8.0,92.9,51.1,46.7,High,Bachelor,Yes,No,Average
S-0681,90.9,12.5,64.1,70.6,64.4,Medium,Master,Yes,Yes,Average
S-0682,46.7,5.1,91.7,83.9,86.3,Low,Associate,Yes,No,At-Risk
S-0683,58.5,8.1,92.5,46.6,66.1,High,Associate,Yes,Yes,Average
S-0684,30.1,15.7,32.7,86.8,96.8,Low,Master,Yes,Yes,At-Risk
S-0685,96.5,2.1,62.3,68.0,68.1,Low,Bachelor,Yes,No,Average
S-0686,77.8,7.7,54.5,71.7,92.5,High,Master,Yes,No,Average
S-0687,78.6,7.4,88.3,66.0,88.6,Medium,Master,Yes,No,Average
S-0688,64.0,4.5,88.5,51.4,17.0,Medium,Associate,Yes,Yes,At-Risk
S-0689,88.5,4.8,95.9,62.6,95.6,Medium,Associate,Yes,Yes,Average
S-0690,59.4,13.5,83.3,97.2,93.9,High,High School,Yes,No,High
S-0691,46.5,17.4,65.0,58.8,83.9,High,Bachelor,Yes,Yes,Average
S-0692,71.3,6.6,64.9,52.9,62.0,Medium,Associate,Yes,Yes,At-Risk
S-0693,75.4,14.4,88.8,73.7,46.4,Medium,Bachelor,Yes,Yes,Average
S-0694,33.8,9.8,67.4,71.0,81.3,Medium,High School,Yes,No,At-Risk
S-0695,48.4,8.9,73.1,68.1,98.7,Medium,High School,Yes,Yes,Average
S-0696,48.0,17.7,79.5,72.2,83.6,Medium,High School,No,Yes,At-Risk
S-0697,64.4,6.5,61.0,79.7,95.7,High,High School,Yes,No,Average
S-0698,79.1,7.2,70.0,65.0,88.3,Medium,Bachelor,Yes,No,Average
S-0699,57.7,5.4,76.3,74.3,49.8,Medium,High School,Yes,Yes,Average
S-0700,74.1,5.4,71.2,84.3,55.0,Medium,High School,No,No,Average
S-0701,76.6,12.1,65.5,60.1,60.5,Medium,High School,Yes,Yes,Average
S-0702,52.6,17.5,89.1,44.1,50.1,Medium,Bachelor,Yes,Yes,At-Risk
S-0703,66.8,11.0,92.5,80.0,74.9,Medium,Master,Yes,No,High
S-0704,56.7,2.1,70.3,100.0,98.5,High,High School,No,Yes,Average
S-0705,53.2,20.8,91.0,71.9,85.7,High,Bachelor,No,Yes,Average
S-0706,59.6,14.9,75.4,74.4,65.4,Medium,Associate,No,No,At-Risk
S-0707,66.1,16.1,80.3,68.5,40.3,Medium,High School,Yes,No,Average
S-0708,90.5,11.0,94.2,91.1,58.8,Medium,Bachelor,Yes,No,High
S-0709,43.9,6.6,90.0,71.1,71.6,Low,High School,No,Yes,At-Risk
S-0710,84.1,9.5,92.2,69.8,59.5,High,Bachelor,No,Yes,Average
S-0711,88.0,16.4,65.5,82.9,46.7,Medium,High School,Yes,Yes,Average
S-0712,79.8,8.2,62.8,66.2,66.6,High,PhD,Yes,Yes,Average
S-0713,73.6,14.4,95.7,56.6,55.2,High,High School,Yes,Yes,Average
S-0714,32.5,6.0,52.8,82.6,94.6,High,Bachelor,No,No,At-Risk
S-0715,67.4,14.1,71.5,64.9,46.1,High,Master,No,Yes,Average
S-0716,96.5,10.4,89.0,60.3,42.9,Low,High School,No,Yes,Average
S-0717,91.5,8.4,93.5,97.2,40.6,High,Associate,No,No,Average
S-0718,98.3,10.3,94.5,69.9,59.7,High,Associate,No,Yes,High
S-0719,56.2,13.4,72.6,77.9,79.6,High,Bachelor,Yes,No,Average
S-0720,86.5,15.8,94.1,72.4,83.8,Low,High School,Yes,Yes,Average
S-0721,96.9,7.1,61.6,61.4,67.2,High,High School,Yes,No,Average
S-0722,59.1,8.1,50.0,80.3,81.1,Low,Bachelor,Yes,No,At-Risk
S-0723,53.3,12.9,84.9,75.8,61.6,High,Associate,Yes,No,Average
S-0724,87.1,24.7,64.8,64.1,80.1,Low,Bachelor,No,Yes,Average
S-0725,78.7,23.0,73.0,77.2,42.4,High,High School,Yes,No,Average
S-0726,92.1,16.5,86.9,65.8,17.2,Medium,Associate,Yes,Yes,Average
S-0727,57.0,18.5,73.5,58.7,87.5,Medium,Bachelor,Yes,Yes,Average
S-0728,89.8,6.4,67.2,57.5,14.5,Low,Bachelor,Yes,Yes,At-Risk
S-0729,60.1,6.0,71.3,75.2,32.2,Medium,Associate,Yes,Yes,Average
S-0730,58.2,5.6,78.3,67.4,52.3,Low,High School,Yes,Yes,At-Risk
S-0731,58.2,6.3,79.0,90.0,54.8,Medium,High School,Yes,Yes,Average
S-0732,90.7,12.7,91.3,71.5,99.8,High,High School,Yes,Yes,High
S-0733,83.3,10.1,90.0,62.6,46.2,High,Associate,Yes,No,Average
S-0734,76.2,13.6,78.3,73.9,50.8,High,High School,Yes,Yes,Average
S-0735,67.9,17.6,93.8,56.5,47.8,Low,Bachelor,Yes,No,At-Risk
S-0736,93.9,11.0,64.6,71.0,59.7,Medium,Bachelor,Yes,No,Average
S-0737,57.6,10.1,70.2,75.8,52.6,Medium,Associate,Yes,Yes,Average
S-0738,90.8,21.1,93.1,74.3,69.9,High,Associate,Yes,No,High
S-0739,72.0,8.2,75.1,87.6,68.6,High,High School,No,No,Average
S-0740,68.8,5.0,99.2,100.0,94.1,Medium,Associate,Yes,Yes,Average
S-0741,40.6,12.5,78.7,80.1,42.1,Low,Master,Yes,Yes,At-Risk
S-0742,65.1,7.6,91.7,86.1,59.2,High,Bachelor,Yes,No,Average
S-0743,41.3,10.8,76.1,100.0,75.8,High,Bachelor,Yes,No,Average
S-0744,75.1,6.4,77.0,59.9,76.3,High,Master,Yes,No,Average
S-0745,61.6,12.7,75.3,73.6,68.8,High,Associate,Yes,Yes,Average
S-0746,95.0,9.9,88.8,66.3,88.9,Medium,High School,Yes,No,Average
S-0747,69.2,9.7,20.1,82.1,43.8,Low,Bachelor,Yes,Yes,At-Risk
S-0748,77.2,13.7,25.3,75.3,88.9,Medium,High School,Yes,Yes,Average
S-0749,95.3,17.8,47.1,62.2,69.7,Medium,Bachelor,Yes,Yes,Average
S-0750,32.1,20.3,64.0,72.1,48.0,Medium,Bachelor,Yes,Yes,At-Risk
S-0751,55.8,13.6,75.7,84.6,93.1,Medium,Bachelor,No,No,Average
S-0752,97.0,10.2,84.7,56.4,79.0,Medium,Associate,Yes,No,High
S-0753,81.4,10.3,94.4,62.4,49.8,Medium,Associate,Yes,No,Average
S-0754,66.7,15.1,73.8,60.6,42.0,Medium,Bachelor,Yes,Yes,Average
S-0755,57.0,6.2,86.2,75.9,48.5,Low,Master,No,No,At-Risk
S-0756,89.7,6.9,74.0,86.9,76.5,Medium,Bachelor,Yes,No,Average
S-0757,81.0,3.9,20.5,47.9,50.8,High,PhD,Yes,Yes,At-Risk
S-0758,76.7,15.6,95.4,73.1,53.5,High,High School,Yes,No,Average
S-0759,94.7,18.8,69.3,60.9,41.5,Medium,Associate,Yes,No,Average
S-0760,89.4,13.6,76.2,84.1,83.4,Medium,High School,Yes,No,Average
S-0761,57.6,4.3,99.7,69.2,88.6,Low,High School,Yes,Yes,Average
S-0762,65.6,12.6,94.7,73.6,87.8,High,Master,Yes,No,Average
S-0763,62.4,8.3,82.6,72.0,47.7,Medium,PhD,Yes,No,Average
S-0764,87.2,11.5,80.7,85.5,94.2,Medium,High School,Yes,Yes,Average
S-0765,56.4,20.5,71.4,96.6,29.7,High,High School,Yes,No,Average
S-0766,78.5,6.7,80.7,58.4,93.9,Medium,High School,Yes,Yes,Average
S-0767,88.1,13.7,93.9,60.6,34.1,Low,Master,Yes,No,Average
S-0768,93.8,9.4,87.4,75.9,66.2,Medium,High School,No,No,Average
S-0769,67.1,10.4,52.5,62.2,87.1,Medium,High School,Yes,No,Average
S-0770,91.1,4.5,68.1,83.2,45.6,Medium,High School,No,No,Average
S-0771,31.1,8.4,70.6,85.1,71.3,High,Associate,Yes,Yes,At-Risk
S-0772,92.3,5.6,60.0,65.4,90.2,Medium,Master,Yes,Yes,Average
S-0773,56.4,14.0,63.8,62.8,89.8,High,High School,Yes,No,Average
S-0774,69.9,10.5,76.8,68.7,97.4,Medium,Associate,Yes,Yes,Average
S-0775,89.9,12.8,64.5,73.2,81.9,Medium,High School,Yes,No,Average
S-0776,51.7,6.8,53.1,75.8,52.5,Medium,Associate,Yes,Yes,At-Risk
S-0777,37.7,7.9,81.9,45.0,41.2,Medium,Bachelor,Yes,Yes,At-Risk
S-0778,86.1,15.0,66.6,60.4,68.8,Medium,High School,Yes,No,Average
S-0779,86.0,8.8,62.6,67.2,70.8,Medium,High School,Yes,No,Average
S-0780,82.1,7.8,72.7,62.4,54.4,High,Master,Yes,Yes,Average
S-0781,84.7,14.1,60.2,37.6,47.5,Medium,High School,Yes,Yes,Average
S-0782,34.8,6.9,80.6,49.3,17.5,Low,Bachelor,Yes,Yes,At-Risk
S-0783,62.6,8.0,64.1,56.3,85.9,Low,Associate,No,Yes,At-Risk
S-0784,36.8,10.0,27.8,70.6,99.6,Low,High School,Yes,Yes,At-Risk
S-0785,59.1,12.3,96.2,66.8,43.7,Medium,Bachelor,Yes,Yes,Average
S-0786,95.4,9.1,89.7,64.4,23.8,Low,Master,No,No,Average
S-0787,79.2,4.8,42.7,81.6,77.0,Low,Bachelor,Yes,No,At-Risk
S-0788,70.0,13.1,94.4,81.6,20.3,Medium,High School,Yes,Yes,Average
S-0789,73.1,16.6,87.8,73.8,78.4,High,Associate,No,No,Average
S-0790,97.4,7.7,60.4,73.4,91.6,Low,Associate,Yes,No,Average
S-0791,49.7,8.8,75.8,61.7,96.7,Medium,Associate,Yes,Yes,Average
S-0792,42.1,5.9,94.0,63.2,49.1,High,Bachelor,Yes,Yes,Average
S-0793,75.3,10.2,73.8,51.5,62.9,High,High School,Yes,No,Average
S-0794,43.5,6.5,61.4,69.0,44.7,High,Associate,No,Yes,At-Risk
S-0795,50.9,18.5,89.8,81.4,17.2,Medium,Bachelor,Yes,No,Average
S-0796,93.6,8.6,92.1,88.3,43.6,High,Associate,Yes,No,High
S-0797,51.8,8.1,66.4,69.1,46.3,Medium,Bachelor,Yes,No,At-Risk
S-0798,78.3,8.5,81.5,77.9,51.1,Medium,High School,Yes,No,Average
S-0799,84.8,6.8,67.7,37.7,60.5,High,Associate,Yes,No,Average
S-0800,96.1,10.8,88.8,66.8,39.4,Medium,PhD,No,Yes,Average
S-0801,85.4,8.4,70.9,66.5,82.7,High,Associate,Yes,Yes,Average
S-0802,57.6,14.3,72.6,89.9,52.7,High,Associate,Yes,No,Average
S-0803,78.8,10.8,93.8,76.7,80.4,High,Bachelor,No,No,High
S-0804,52.5,12.6,79.1,77.9,82.3,High,PhD,Yes,No,Average
S-0805,71.2,13.2,86.8,77.3,73.5,Medium,PhD,No,No,Average
S-0806,86.8,16.6,76.1,72.5,94.2,Medium,Bachelor,Yes,Yes,Average
S-0807,96.7,7.9,71.9,90.4,46.7,High,High School,Yes,Yes,High
S-0808,96.3,7.1,85.0,44.3,50.6,High,Master,Yes,Yes,Average
S-0809,72.5,7.6,66.2,73.8,65.7,High,Bachelor,No,Yes,Average
S-0810,55.7,9.9,74.9,85.6,47.6,High,Associate,Yes,No,Average
S-0811,32.1,11.2,68.4,49.3,74.0,High,Master,Yes,No,Average
S-0812,55.3,6.3,49.2,82.1,63.9,High,Associate,Yes,No,Average
S-0813,56.2,7.4,59.7,62.9,57.1,Medium,High School,Yes,No,At-Risk
S-0814,96.0,11.3,99.8,73.3,50.2,Low,Master,Yes,Yes,Average
S-0815,93.5,10.6,78.0,62.6,60.1,High,Associate,No,Yes,Average
S-0816,75.9,8.1,70.1,83.5,76.5,Medium,Associate,No,Yes,Average
S-0817,79.6,4.8,77.7,68.5,74.5,Medium,High School,Yes,No,Average
S-0818,70.0,10.5,93.9,82.1,49.8,Medium,Bachelor,Yes,Yes,Average
S-0819,52.7,13.0,68.2,77.2,17.2,High,High School,Yes,No,At-Risk
S-0820,48.0,12.7,98.1,62.5,41.6,High,Associate,Yes,No,Average
S-0821,90.1,8.7,73.7,78.0,40.7,High,Bachelor,Yes,Yes,Average
S-0822,50.2,6.4,99.4,64.0,92.8,Medium,Master,No,Yes,Average
S-0823,66.7,5.4,93.5,72.8,42.7,High,Associate,No,No,Average
S-0824,69.9,6.2,92.3,68.3,83.9,High,Bachelor,Yes,Yes,Average
S-0825,76.9,11.9,72.7,82.8,92.3,Medium,Bachelor,Yes,No,Average
S-0826,96.0,8.4,60.4,78.5,45.9,Medium,Bachelor,Yes,No,Average
S-0827,67.3,9.7,75.3,71.6,66.2,Medium,High School,Yes,Yes,Average
S-0828,67.3,4.0,72.1,63.8,97.7,Medium,Master,Yes,No,Average
S-0829,86.9,14.5,61.5,56.8,90.0,High,Associate,No,Yes,Average
S-0830,72.6,16.4,53.3,73.6,69.4,Medium,High School,No,No,At-Risk
S-0831,61.2,6.8,76.1,64.4,85.8,High,High School,No,Yes,Average
S-0832,72.6,3.4,32.6,49.5,90.0,Low,Bachelor,No,No,At-Risk
S-0833,56.2,18.1,84.8,56.0,60.9,Medium,High School,Yes,No,Average
S-0834,58.8,7.9,64.8,91.5,34.6,Medium,High School,Yes,No,At-Risk
S-0835,74.9,5.9,99.1,64.1,68.2,Low,Bachelor,Yes,Yes,Average
S-0836,70.9,6.6,43.8,85.0,71.7,Medium,Master,Yes,No,Average
S-0837,95.7,7.6,77.8,67.7,100.0,Medium,Bachelor,Yes,No,Average
S-0838,68.1,7.2,79.5,86.9,90.6,Medium,High School,Yes,No,Average
S-0839,48.4,8.2,92.5,86.0,61.7,Medium,High School,Yes,No,Average
S-0840,81.6,6.9,64.0,62.1,40.6,High,Bachelor,Yes,No,At-Risk
S-0841,50.7,13.8,77.1,48.1,77.6,Medium,High School,Yes,No,At-Risk
S-0842,83.2,7.3,85.1,49.2,82.2,Low,Bachelor,Yes,Yes,Average
S-0843,58.9,4.2,31.8,62.3,79.0,High,High School,Yes,No,At-Risk
S-0844,98.1,5.7,85.1,94.7,98.1,Low,Master,Yes,Yes,High
S-0845,57.4,8.4,96.9,67.1,91.8,High,Associate,Yes,No,Average
S-0846,70.7,9.0,99.9,73.7,66.9,High,High School,Yes,No,Average
S-0847,54.3,14.1,28.5,87.6,43.8,Medium,Master,Yes,Yes,At-Risk
S-0848,34.5,8.8,69.4,73.3,68.6,High,High School,Yes,No,At-Risk
S-0849,75.1,10.5,72.4,72.9,81.4,High,Associate,Yes,No,Average
S-0850,79.8,7.8,76.0,79.5,76.5,High,Master,No,Yes,Average
S-0851,53.4,10.7,69.7,75.5,72.3,High,Associate,Yes,No,Average
S-0852,87.5,4.0,68.1,70.8,45.2,Medium,Associate,Yes,Yes,Average
S-0853,60.5,10.9,56.8,63.3,57.6,High,Associate,No,No,At-Risk
S-0854,94.9,8.3,96.7,72.9,56.6,Low,High School,No,No,Average
S-0855,58.3,14.4,61.9,85.1,70.0,Medium,High School,Yes,No,Average
S-0856,59.5,14.8,73.6,93.4,49.6,Medium,Bachelor,Yes,No,Average
S-0857,51.8,11.4,76.2,75.5,60.4,Medium,Bachelor,Yes,No,Average
S-0858,73.6,7.8,69.6,81.1,38.6,Medium,High School,Yes,Yes,Average
S-0859,78.2,8.1,85.2,75.2,75.2,High,High School,Yes,Yes,Average
S-0860,53.3,5.7,85.6,71.0,33.6,High,Master,No,No,Average
S-0861,88.8,8.6,94.0,78.2,89.8,Low,PhD,No,No,Average
S-0862,41.3,4.6,89.6,86.3,73.7,High,Associate,Yes,No,Average
S-0863,76.2,8.5,81.7,61.4,80.2,High,Master,Yes,No,Average
S-0864,72.0,14.1,86.1,54.6,82.2,Low,Bachelor,No,No,Average
S-0865,70.0,7.5,33.6,65.6,57.5,Medium,High School,Yes,Yes,At-Risk
S-0866,78.0,10.9,21.7,74.5,68.2,High,High School,Yes,No,Average
S-0867,57.8,12.5,79.6,82.4,97.4,High,High School,Yes,Yes,Average
S-0868,59.1,13.6,65.3,60.1,86.0,High,Master,Yes,Yes,Average
S-0869,36.8,7.5,69.7,42.1,98.2,High,Bachelor,Yes,No,At-Risk
S-0870,97.3,5.8,71.7,65.9,84.8,Medium,Bachelor,Yes,No,Average
S-0871,68.7,5.4,97.0,69.7,50.5,Low,High School,Yes,No,Average
S-0872,63.5,6.0,69.2,58.1,43.9,Medium,Bachelor,Yes,No,Average
S-0873,38.2,7.8,71.6,62.9,74.7,Low,Bachelor,Yes,No,At-Risk
S-0874,70.4,4.5,74.8,82.4,61.5,High,Master,Yes,No,Average
S-0875,51.3,6.7,86.5,72.9,56.5,High,High School,Yes,No,Average
S-0876,57.8,14.6,64.7,76.1,88.4,Medium,Bachelor,Yes,Yes,Average
S-0877,33.2,14.1,98.2,67.7,62.0,High,High School,Yes,No,Average
S-0878,82.9,3.2,94.6,63.0,59.0,Medium,Bachelor,Yes,No,Average
S-0879,51.4,24.3,83.1,67.6,91.0,High,Bachelor,Yes,No,Average
S-0880,61.1,16.2,87.0,78.0,90.8,High,High School,No,No,Average
S-0881,39.7,4.5,60.7,54.1,61.4,High,Bachelor,Yes,Yes,At-Risk
S-0882,57.8,9.6,31.6,91.8,89.9,High,High School,No,Yes,Average
S-0883,51.0,7.5,91.8,78.9,91.0,Low,Master,Yes,No,Average
S-0884,55.2,7.1,63.1,65.6,65.4,High,High School,Yes,No,At-Risk
S-0885,90.0,4.4,71.3,81.8,44.0,High,Bachelor,No,No,Average
S-0886,58.9,13.5,83.4,86.7,40.1,Low,Master,No,No,Average
S-0887,82.6,13.5,70.3,68.0,71.4,High,Associate,No,Yes,Average
S-0888,61.9,11.0,97.4,69.4,60.6,High,Associate,Yes,Yes,Average
S-0889,55.0,20.5,65.2,89.9,99.8,Medium,Associate,Yes,No,Average
S-0890,62.2,8.7,91.9,97.4,86.3,Medium,High School,Yes,Yes,Average
S-0891,86.1,6.7,80.3,72.4,85.7,High,Bachelor,Yes,No,Average
S-0892,92.8,5.8,90.0,58.1,97.3,High,Bachelor,Yes,Yes,High
S-0893,91.5,6.2,72.4,66.4,93.3,Medium,Master,Yes,No,High
S-0894,69.9,16.0,80.6,84.4,59.1,Low,Master,Yes,Yes,Average
S-0895,83.4,11.1,94.3,59.6,12.8,Medium,Associate,Yes,Yes,Average
S-0896,60.2,7.8,28.8,69.5,84.8,High,Bachelor,Yes,No,Average
S-0897,64.7,6.9,74.4,75.5,62.7,High,Master,Yes,No,Average
S-0898,94.8,12.9,81.4,60.9,68.4,Medium,Associate,No,Yes,Average
S-0899,50.7,4.9,88.7,85.2,27.7,Medium,High School,Yes,No,At-Risk
S-0900,54.3,5.4,77.7,80.3,94.5,Low,Associate,Yes,Yes,Average
S-0901,60.4,13.6,97.6,96.1,65.1,High,Master,No,Yes,Average
S-0902,51.3,10.9,71.8,81.4,87.0,Low,Bachelor,Yes,Yes,Average
S-0903,59.1,5.8,79.0,60.5,56.1,Low,Bachelor,Yes,Yes,At-Risk
S-0904,79.2,9.8,90.3,78.4,81.9,Low,High School,Yes,No,Average
S-0905,71.1,6.2,87.6,83.9,12.0,High,PhD,Yes,Yes,Average
S-0906,94.6,9.6,94.5,84.5,10.4,Medium,Associate,Yes,No,Average
S-0907,90.9,9.1,24.2,62.7,41.8,Medium,Bachelor,Yes,Yes,Average
S-0908,67.1,7.5,77.1,61.2,82.8,High,High School,Yes,No,Average
S-0909,63.0,7.5,64.4,58.3,42.8,Low,High School,Yes,Yes,At-Risk
S-0910,69.0,5.5,61.2,91.3,56.0,Medium,Bachelor,Yes,Yes,Average
S-0911,79.5,7.8,89.1,79.5,69.8,High,PhD,Yes,Yes,High
S-0912,46.3,17.4,95.0,62.1,65.2,Medium,Associate,Yes,No,Average
S-0913,81.2,9.4,68.8,73.5,51.5,Medium,High School,Yes,No,Average
S-0914,52.8,21.7,50.7,70.5,60.0,Low,Associate,Yes,No,At-Risk
S-0915,77.6,3.8,46.3,60.3,83.7,High,High School,Yes,No,Average
S-0916,71.8,7.2,92.9,72.4,80.2,Medium,High School,Yes,No,Average
S-0917,64.7,11.9,72.5,74.3,44.3,High,Bachelor,Yes,No,Average
S-0918,97.4,24.3,76.1,95.2,84.8,Medium,Master,Yes,Yes,High
S-0919,88.2,4.5,80.1,64.1,43.2,Medium,High School,Yes,Yes,Average
S-0920,46.2,9.2,93.6,51.5,72.6,High,Bachelor,Yes,No,At-Risk
S-0921,93.4,11.5,29.2,59.4,55.6,High,High School,Yes,No,Average
S-0922,74.4,16.2,84.6,61.3,75.3,Low,High School,Yes,Yes,Average
S-0923,94.7,7.3,67.0,66.9,55.7,High,High School,Yes,No,Average
S-0924,90.0,8.2,80.5,59.4,99.1,Medium,Bachelor,Yes,No,High
S-0925,71.3,5.6,88.6,81.9,58.6,Medium,High School,Yes,No,Average
S-0926,51.1,7.9,98.9,58.6,54.5,Medium,Associate,Yes,Yes,At-Risk
S-0927,63.4,8.7,68.1,72.2,56.7,High,High School,No,No,At-Risk
S-0928,31.6,11.2,60.4,96.0,93.8,Medium,High School,Yes,Yes,Average
S-0929,81.7,13.0,63.0,78.6,78.2,Medium,High School,Yes,Yes,Average
S-0930,62.9,4.9,75.0,77.4,83.8,Low,Master,Yes,No,Average
S-0931,57.0,6.8,92.8,94.3,95.1,Low,Bachelor,Yes,Yes,Average
S-0932,91.7,10.9,60.3,86.9,94.7,High,Master,No,Yes,High
S-0933,40.3,4.0,78.3,78.8,84.3,High,Associate,Yes,Yes,Average
S-0934,76.3,18.7,73.2,68.3,51.9,High,Associate,Yes,Yes,Average
S-0935,58.6,15.5,62.1,71.7,90.6,Medium,Associate,Yes,Yes,Average
S-0936,63.6,11.6,78.0,71.1,52.2,Medium,High School,Yes,Yes,Average
S-0937,50.9,12.6,70.2,67.2,84.6,High,Bachelor,Yes,No,Average
S-0938,95.7,15.0,74.1,74.5,81.1,High,Associate,Yes,No,High
S-0939,55.9,15.3,88.2,76.2,85.5,Medium,Associate,No,No,Average
S-0940,78.8,11.7,80.9,57.1,72.0,High,Bachelor,Yes,Yes,Average
S-0941,63.7,5.1,29.1,91.6,78.3,High,Associate,Yes,Yes,Average
S-0942,77.7,10.8,98.5,76.9,97.2,High,PhD,Yes,No,High
S-0943,82.6,15.6,85.4,68.8,46.2,Medium,Associate,Yes,Yes,Average
S-0944,91.5,10.1,90.6,74.7,58.5,Low,Bachelor,Yes,No,Average
S-0945,60.3,13.7,63.2,83.2,76.7,Medium,Associate,Yes,No,Average
S-0946,50.5,12.7,61.9,54.4,38.4,Medium,PhD,Yes,Yes,At-Risk
S-0947,56.8,13.6,60.8,70.7,45.7,Medium,Associate,Yes,No,At-Risk
S-0948,33.1,7.3,67.6,57.8,46.2,Medium,Bachelor,No,Yes,At-Risk
S-0949,93.7,13.5,76.6,100.0,43.3,High,High School,Yes,No,High
S-0950,79.9,6.3,97.4,73.7,43.1,Medium,Bachelor,Yes,No,Average
S-0951,36.5,6.3,78.3,57.9,94.5,Medium,High School,Yes,No,At-Risk
S-0952,83.3,7.8,71.6,100.0,83.3,High,Associate,Yes,Yes,High
S-0953,58.8,12.3,58.9,65.6,45.4,High,Master,Yes,Yes,Average
S-0954,59.0,10.6,27.2,69.5,71.4,High,PhD,Yes,Yes,Average
S-0955,70.9,10.2,84.4,70.4,86.9,Low,Associate,Yes,Yes,Average
S-0956,69.2,8.3,82.7,61.8,49.3,High,Master,Yes,No,Average
S-0957,75.9,3.1,91.7,75.0,63.5,Medium,High School,Yes,No,Average
S-0958,52.3,9.3,99.5,45.5,69.4,Low,Master,Yes,Yes,Average
S-0959,58.3,5.6,70.0,85.0,46.6,High,Bachelor,Yes,No,Average
S-0960,86.9,5.5,80.4,58.5,65.2,Medium,Associate,Yes,No,Average
S-0961,54.1,12.1,96.4,67.0,36.6,Medium,Master,Yes,No,Average
S-0962,80.2,3.3,64.1,81.0,42.1,Medium,Master,Yes,Yes,Average
S-0963,55.2,16.4,79.5,69.5,12.6,Medium,High School,Yes,Yes,Average
S-0964,69.5,10.3,97.8,70.0,85.8,Medium,Bachelor,Yes,No,Average
S-0965,64.4,7.6,62.3,59.9,41.1,High,High School,Yes,No,At-Risk
S-0966,67.8,2.3,97.2,97.1,96.1,Low,Master,Yes,No,Average
S-0967,86.0,6.3,62.0,78.4,45.2,High,Bachelor,Yes,No,Average
S-0968,64.9,8.6,81.9,59.0,88.0,Medium,High School,Yes,Yes,Average
S-0969,78.3,3.2,95.6,74.1,15.5,Low,Bachelor,No,No,At-Risk
S-0970,73.8,7.7,70.5,58.2,96.5,Low,Bachelor,No,Yes,At-Risk
S-0971,83.2,15.2,78.9,92.7,92.0,Medium,Bachelor,No,No,Average
S-0972,96.8,9.2,73.0,74.4,40.6,High,High School,Yes,No,Average
S-0973,86.6,16.5,42.0,60.3,60.0,Low,High School,Yes,No,At-Risk
S-0974,60.7,6.4,92.9,80.4,65.6,Medium,Bachelor,Yes,No,Average
S-0975,51.6,4.0,88.4,68.7,49.5,High,High School,Yes,No,Average
S-0976,63.1,11.5,83.5,56.5,41.3,Low,Associate,Yes,Yes,Average
S-0977,79.8,12.6,42.8,76.6,92.1,High,Bachelor,Yes,Yes,Average
S-0978,52.6,14.9,50.7,76.2,73.2,High,High School,Yes,No,Average
S-0979,74.8,17.1,77.9,85.7,76.5,Medium,Bachelor,Yes,Yes,Average
S-0980,79.8,9.2,89.2,72.8,95.6,Medium,Bachelor,Yes,Yes,Average
S-0981,66.7,15.8,74.3,73.3,79.9,Low,Bachelor,Yes,Yes,Average
S-0982,53.4,26.4,62.6,73.9,81.5,High,Associate,Yes,No,Average
S-0983,55.3,13.9,63.0,91.1,20.0,Low,Associate,No,Yes,At-Risk
S-0984,53.8,6.4,64.6,68.3,47.0,Medium,Associate,Yes,No,At-Risk
S-0985,86.4,9.2,94.8,77.6,42.4,Medium,Master,Yes,No,Average
S-0986,74.8,11.4,57.7,79.4,98.1,Medium,High School,Yes,No,Average
S-0987,84.4,11.1,26.4,76.2,95.4,Medium,PhD,Yes,Yes,Average
S-0988,31.1,8.6,75.7,67.8,93.0,High,Bachelor,Yes,No,Average
S-0989,45.6,17.9,70.3,73.4,67.1,Medium,Master,Yes,No,Average
S-0990,91.0,4.0,73.9,70.9,91.4,High,Associate,Yes,No,Average
S-0991,90.0,9.5,91.8,95.5,42.9,High,Associate,Yes,No,Average
S-0992,84.7,11.2,85.0,66.5,30.5,Medium,Master,Yes,No,Average
S-0993,63.6,6.6,48.7,61.0,64.8,Medium,High School,Yes,Yes,At-Risk
S-0994,79.5,15.3,87.2,71.9,69.0,Medium,High School,Yes,No,Average
S-0995,68.0,10.8,82.8,71.1,55.8,High,High School,Yes,Yes,Average
S-0996,41.6,10.1,24.5,74.4,61.4,Medium,PhD,Yes,Yes,At-Risk
S-0997,95.9,12.3,38.2,66.5,49.8,High,Bachelor,Yes,No,Average
S-0998,56.8,10.2,91.5,73.3,69.3,High,Bachelor,Yes,Yes,Average
S-0999,97.5,13.3,61.0,73.6,25.1,Medium,Bachelor,Yes,Yes,Average
S-1000,72.3,2.9,81.4,82.9,79.7,High,Associate,Yes,No,Average
S-1001,59.3,3.5,31.0,73.1,46.5,Medium,Bachelor,Yes,No,At-Risk
S-1002,33.2,14.0,40.4,73.2,69.3,High,Associate,Yes,Yes,Average
S-1003,93.6,9.3,68.5,78.2,81.9,Medium,Master,Yes,No,Average
S-1004,50.0,6.5,94.7,82.4,71.8,Low,High School,Yes,Yes,Average
S-1005,90.3,10.7,98.2,60.2,19.8,Low,High School,No,Yes,At-Risk
S-1006,82.9,9.2,69.5,57.0,77.3,High,Associate,Yes,Yes,Average
S-1007,84.6,6.3,95.3,92.3,98.1,Medium,Associate,Yes,Yes,High
S-1008,92.5,22.6,63.9,80.4,23.0,High,Bachelor,Yes,Yes,Average
S-1009,62.5,18.0,62.2,69.4,63.4,Low,Associate,Yes,Yes,At-Risk
S-1010,74.5,7.0,65.2,72.2,64.4,Medium,High School,Yes,No,Average
S-1011,61.1,7.1,62.3,67.3,74.6,Low,Associate,Yes,No,At-Risk
S-1012,99.4,6.4,93.8,74.5,49.1,Medium,Bachelor,Yes,No,Average
S-1013,45.1,7.7,62.4,60.3,50.6,Medium,High School,Yes,No,At-Risk
S-1014,52.0,12.9,70.9,82.1,57.1,Low,Bachelor,Yes,Yes,At-Risk
S-1015,59.7,9.8,64.2,74.1,97.4,High,Associate,No,No,Average
S-1016,96.3,7.6,71.8,74.5,84.0,Medium,Associate,Yes,No,Average
S-1017,59.0,8.8,63.6,61.3,79.7,Medium,High School,Yes,Yes,At-Risk
S-1018,78.4,7.7,61.9,78.3,89.0,Medium,Master,Yes,Yes,Average
S-1019,95.8,6.1,65.3,61.5,47.7,High,Bachelor,Yes,No,Average
S-1020,54.4,5.6,94.1,63.7,29.7,Medium,High School,Yes,No,Average
S-1021,59.1,5.4,92.7,73.1,75.7,Medium,Bachelor,Yes,No,Average
S-1022,64.9,10.6,60.5,100.0,60.1,Medium,Master,Yes,Yes,Average
S-1023,96.2,14.7,95.8,74.1,89.0,High,Associate,Yes,Yes,High
S-1024,98.6,10.1,61.2,41.2,88.2,High,Master,Yes,No,Average
S-1025,49.8,3.1,69.6,64.3,90.7,Medium,High School,No,No,At-Risk
S-1026,73.7,10.5,61.3,80.2,46.9,Medium,Master,Yes,Yes,Average
S-1027,93.1,6.9,73.4,58.5,98.2,High,Associate,Yes,Yes,High
S-1028,92.2,5.6,80.6,82.0,97.6,High,High School,No,No,Average
S-1029,66.0,4.5,91.9,73.9,61.4,High,Associate,Yes,No,Average
S-1030,91.4,5.6,73.5,83.9,44.0,High,PhD,No,Yes,Average
S-1031,51.9,5.7,88.2,65.3,50.0,High,Bachelor,Yes,No,Average
S-1032,79.8,3.9,32.9,64.4,99.6,High,Bachelor,Yes,No,Average
S-1033,61.5,5.7,90.0,78.8,73.8,Medium,High School,No,No,Average
S-1034,56.0,11.8,69.4,71.9,61.4,Medium,Associate,Yes,Yes,Average
S-1035,53.8,16.0,65.7,71.2,57.3,Low,High School,No,Yes,At-Risk
S-1036,84.8,3.2,67.4,90.8,55.4,High,High School,Yes,No,Average
S-1037,67.0,13.6,67.3,79.2,79.8,High,Associate,No,Yes,Average
S-1038,86.2,8.6,80.5,48.1,25.9,High,Master,Yes,No,Average
S-1039,53.3,4.6,93.8,81.6,97.9,Medium,Bachelor,Yes,No,Average
S-1040,65.8,7.6,63.2,80.4,81.0,Low,High School,Yes,Yes,At-Risk
S-1041,77.0,11.5,88.3,86.2,87.5,Medium,Bachelor,No,No,Average
S-1042,89.5,9.4,86.2,60.7,57.6,Medium,Master,Yes,No,Average
S-1043,65.9,3.7,94.9,75.9,44.8,High,Bachelor,Yes,No,Average
